id,lead_id,order_id,school_id,person_name,student_name,student_class,student_section,roll_number,gender,mobile_number,clothing_types,measurements,quantities,total_payable,payment_received,balance_amount,currency,measurement_date,measurement_status,taken_by,notes,created_by,created_at,updated_by,updated_at,is_active
1,2,1,10,Kristian Toomey,Kristian Toomey,5th Year,B,40,male,+353 89 471 2425,"[1, 4]","{""chest_cm"": 104, ""waist_cm"": 95, ""hip_cm"": 112, ""shoulder_cm"": 44, ""sleeve_cm"": 57, ""length_cm"": 81}","{""1"": 1, ""4"": 1}",52.18,52.18,0,EUR,01/03/2025 08:04,completed,3,,4,01/03/2025 08:04,1,01/03/2025 08:04,TRUE
2,2,1,10,Bethan Ferriter,Bethan Ferriter,4th Year,C,17,female,+353 85 923 2154,"[3, 4]","{""chest_cm"": 89, ""waist_cm"": 81, ""hip_cm"": 96, ""shoulder_cm"": 37, ""sleeve_cm"": 49, ""length_cm"": 69}","{""3"": 1, ""4"": 1}",69.15,69.15,0,EUR,14/02/2025 08:04,completed,5,,4,14/02/2025 08:04,9,14/02/2025 08:04,TRUE
3,2,1,10,Nichola McElhattin,Nichola McElhattin,3rd Year,C,2,female,+353 86 415 1179,"[3, 4]","{""chest_cm"": 91, ""waist_cm"": 86, ""hip_cm"": 94, ""shoulder_cm"": 38, ""sleeve_cm"": 50, ""length_cm"": 71}","{""3"": 1, ""4"": 1}",61.39,34.54,26.85,EUR,14/02/2025 08:04,completed,3,,4,14/02/2025 08:04,9,14/02/2025 08:04,TRUE
4,2,1,10,Nora Cousins,Nora Cousins,5th Year,B,10,female,+353 83 324 6985,"[3, 4]","{""chest_cm"": 97, ""waist_cm"": 89, ""hip_cm"": 99, ""shoulder_cm"": 41, ""sleeve_cm"": 53, ""length_cm"": 76}","{""3"": 1, ""4"": 1}",58.87,19.04,39.83,EUR,23/02/2025 08:04,completed,3,,4,23/02/2025 08:04,12,23/02/2025 08:04,TRUE
5,2,1,10,Darren Cross,Darren Cross,6th Year,A,2,male,+353 85 484 1798,"[1, 4]","{""chest_cm"": 82, ""waist_cm"": 73, ""hip_cm"": 82, ""shoulder_cm"": 34, ""sleeve_cm"": 45, ""length_cm"": 64}","{""1"": 1, ""4"": 1}",64.71,64.71,0,EUR,03/03/2025 08:04,completed,2,,4,03/03/2025 08:04,8,03/03/2025 08:04,TRUE
6,2,1,10,Emmet Leddin,Emmet Leddin,3rd Year,B,4,male,+353 85 793 8297,"[1, 4]","{""chest_cm"": 94, ""waist_cm"": 87, ""hip_cm"": 98, ""shoulder_cm"": 39, ""sleeve_cm"": 52, ""length_cm"": 73}","{""1"": 1, ""4"": 1}",64.2,64.2,0,EUR,22/02/2025 08:04,completed,5,,3,22/02/2025 08:04,4,22/02/2025 08:04,TRUE
7,2,1,10,Kirstin Fegan,Kirstin Fegan,1st Year,C,22,female,+353 86 999 8890,"[3, 4]","{""chest_cm"": 83, ""waist_cm"": 77, ""hip_cm"": 89, ""shoulder_cm"": 35, ""sleeve_cm"": 46, ""length_cm"": 65}","{""3"": 1, ""4"": 1}",62.79,40.81,21.98,EUR,20/02/2025 08:04,completed,4,,2,20/02/2025 08:04,7,20/02/2025 08:04,TRUE
8,2,1,10,Alan McGuirl,Alan McGuirl,4th Year,C,10,male,+353 83 273 3752,"[1, 4]","{""chest_cm"": 101, ""waist_cm"": 93, ""hip_cm"": 108, ""shoulder_cm"": 42, ""sleeve_cm"": 56, ""length_cm"": 79}","{""1"": 1, ""4"": 1}",60.7,60.7,0,EUR,27/02/2025 08:04,completed,2,,4,27/02/2025 08:04,4,27/02/2025 08:04,TRUE
9,2,1,10,Dean Rawley,Dean Rawley,1st Year,B,36,male,+353 86 908 4852,"[1, 4]","{""chest_cm"": 90, ""waist_cm"": 86, ""hip_cm"": 95, ""shoulder_cm"": 38, ""sleeve_cm"": 50, ""length_cm"": 70}","{""1"": 1, ""4"": 1}",54.23,35.38,18.85,EUR,15/02/2025 08:04,completed,4,,4,15/02/2025 08:04,6,15/02/2025 08:04,TRUE
10,2,1,10,Frances Long,Frances Long,6th Year,B,14,female,+353 83 705 4362,"[3, 4]","{""chest_cm"": 93, ""waist_cm"": 83, ""hip_cm"": 101, ""shoulder_cm"": 39, ""sleeve_cm"": 51, ""length_cm"": 73}","{""3"": 1, ""4"": 1}",57.19,40.03,17.16,EUR,23/02/2025 08:04,completed,2,,2,23/02/2025 08:04,8,23/02/2025 08:04,TRUE
11,2,1,10,Lindsay Fadian,Lindsay Fadian,4th Year,A,2,female,+353 85 636 3654,"[3, 4]","{""chest_cm"": 92, ""waist_cm"": 86, ""hip_cm"": 92, ""shoulder_cm"": 39, ""sleeve_cm"": 51, ""length_cm"": 72}","{""3"": 1, ""4"": 1}",62.08,33.82,28.26,EUR,19/02/2025 08:04,completed,4,,2,19/02/2025 08:04,9,19/02/2025 08:04,TRUE
12,2,1,10,Carter Scally,Carter Scally,6th Year,A,5,male,+353 89 381 3248,"[1, 4]","{""chest_cm"": 90, ""waist_cm"": 80, ""hip_cm"": 93, ""shoulder_cm"": 38, ""sleeve_cm"": 50, ""length_cm"": 70}","{""1"": 1, ""4"": 1}",60.5,40.25,20.25,EUR,26/02/2025 08:04,completed,5,,2,26/02/2025 08:04,1,26/02/2025 08:04,TRUE
13,2,1,10,Orfhlaith McAlister,Orfhlaith McAlister,3rd Year,B,14,female,+353 83 490 2977,"[3, 4]","{""chest_cm"": 92, ""waist_cm"": 84, ""hip_cm"": 99, ""shoulder_cm"": 39, ""sleeve_cm"": 51, ""length_cm"": 72}","{""3"": 1, ""4"": 1}",66.76,39.72,27.04,EUR,24/02/2025 08:04,completed,4,,3,24/02/2025 08:04,12,24/02/2025 08:04,TRUE
14,2,1,10,Antoin Norry,Antoin Norry,1st Year,B,28,male,+353 89 250 6848,"[1, 4]","{""chest_cm"": 102, ""waist_cm"": 97, ""hip_cm"": 105, ""shoulder_cm"": 43, ""sleeve_cm"": 56, ""length_cm"": 80}","{""1"": 1, ""4"": 1}",67.69,67.69,0,EUR,01/03/2025 08:04,completed,5,,2,01/03/2025 08:04,10,01/03/2025 08:04,TRUE
15,2,1,10,Lynsey Folan,Lynsey Folan,1st Year,A,27,female,+353 86 350 4724,"[3, 4]","{""chest_cm"": 94, ""waist_cm"": 90, ""hip_cm"": 97, ""shoulder_cm"": 39, ""sleeve_cm"": 52, ""length_cm"": 73}","{""3"": 1, ""4"": 1}",64.62,64.62,0,EUR,06/03/2025 08:04,completed,3,,3,06/03/2025 08:04,6,06/03/2025 08:04,TRUE
16,2,1,10,Aidan MacCann,Aidan MacCann,5th Year,C,39,male,+353 83 105 2831,"[1, 4]","{""chest_cm"": 98, ""waist_cm"": 93, ""hip_cm"": 99, ""shoulder_cm"": 41, ""sleeve_cm"": 54, ""length_cm"": 76}","{""1"": 1, ""4"": 1}",60.32,60.32,0,EUR,04/03/2025 08:04,completed,2,,4,04/03/2025 08:04,9,04/03/2025 08:04,TRUE
17,2,1,10,Matthew Scanlan,Matthew Scanlan,5th Year,C,39,male,+353 87 289 2028,"[1, 4]","{""chest_cm"": 84, ""waist_cm"": 78, ""hip_cm"": 90, ""shoulder_cm"": 35, ""sleeve_cm"": 46, ""length_cm"": 66}","{""1"": 1, ""4"": 1}",50.88,50.88,0,EUR,19/02/2025 08:04,completed,5,,2,19/02/2025 08:04,6,19/02/2025 08:04,TRUE
18,2,1,10,Marc Leddon,Marc Leddon,4th Year,B,4,male,+353 83 590 6972,"[1, 4]","{""chest_cm"": 101, ""waist_cm"": 91, ""hip_cm"": 107, ""shoulder_cm"": 42, ""sleeve_cm"": 56, ""length_cm"": 79}","{""1"": 1, ""4"": 1}",59.25,59.25,0,EUR,21/02/2025 08:04,completed,3,,4,21/02/2025 08:04,8,21/02/2025 08:04,TRUE
19,2,1,10,Aoibhinn McCarville,Aoibhinn McCarville,5th Year,B,33,female,+353 83 461 8236,"[3, 4]","{""chest_cm"": 88, ""waist_cm"": 79, ""hip_cm"": 89, ""shoulder_cm"": 37, ""sleeve_cm"": 48, ""length_cm"": 69}","{""3"": 1, ""4"": 1}",68.3,68.3,0,EUR,04/03/2025 08:04,completed,2,,3,04/03/2025 08:04,7,04/03/2025 08:04,TRUE
20,2,1,10,Scott Cassidy,Scott Cassidy,4th Year,C,16,male,+353 85 248 7515,"[1, 4]","{""chest_cm"": 89, ""waist_cm"": 82, ""hip_cm"": 92, ""shoulder_cm"": 37, ""sleeve_cm"": 49, ""length_cm"": 69}","{""1"": 1, ""4"": 1}",56.11,56.11,0,EUR,27/02/2025 08:04,completed,4,,3,27/02/2025 08:04,1,27/02/2025 08:04,TRUE
21,2,1,10,Caoilfhionn Eivers,Caoilfhionn Eivers,6th Year,C,19,female,+353 83 256 8136,"[3, 4]","{""chest_cm"": 78, ""waist_cm"": 70, ""hip_cm"": 79, ""shoulder_cm"": 33, ""sleeve_cm"": 43, ""length_cm"": 61}","{""3"": 1, ""4"": 1}",62.48,62.48,0,EUR,25/02/2025 08:04,completed,3,,3,25/02/2025 08:04,5,25/02/2025 08:04,TRUE
22,2,1,10,Jill Leyden,Jill Leyden,5th Year,C,24,female,+353 83 885 5186,"[3, 4]","{""chest_cm"": 91, ""waist_cm"": 85, ""hip_cm"": 98, ""shoulder_cm"": 38, ""sleeve_cm"": 50, ""length_cm"": 71}","{""3"": 1, ""4"": 1}",59.46,40.77,18.69,EUR,04/03/2025 08:04,completed,5,,2,04/03/2025 08:04,12,04/03/2025 08:04,TRUE
23,2,1,10,Joshua Lundon,Joshua Lundon,6th Year,A,3,male,+353 87 549 5922,"[1, 4]","{""chest_cm"": 94, ""waist_cm"": 90, ""hip_cm"": 94, ""shoulder_cm"": 39, ""sleeve_cm"": 52, ""length_cm"": 73}","{""1"": 1, ""4"": 1}",54.22,54.22,0,EUR,21/02/2025 08:04,completed,3,,4,21/02/2025 08:04,7,21/02/2025 08:04,TRUE
24,2,1,10,Darragh Hasty,Darragh Hasty,6th Year,C,8,male,+353 83 702 5856,"[1, 4]","{""chest_cm"": 95, ""waist_cm"": 91, ""hip_cm"": 100, ""shoulder_cm"": 40, ""sleeve_cm"": 52, ""length_cm"": 74}","{""1"": 1, ""4"": 1}",66.76,66.76,0,EUR,25/02/2025 08:04,completed,2,,2,25/02/2025 08:04,12,25/02/2025 08:04,TRUE
25,2,1,10,Bailey McNamee,Bailey McNamee,5th Year,C,14,male,+353 83 395 4138,"[1, 4]","{""chest_cm"": 85, ""waist_cm"": 76, ""hip_cm"": 89, ""shoulder_cm"": 36, ""sleeve_cm"": 47, ""length_cm"": 66}","{""1"": 1, ""4"": 1}",59.68,59.68,0,EUR,12/02/2025 08:04,completed,5,,3,12/02/2025 08:04,12,12/02/2025 08:04,TRUE
26,2,1,10,Kevin Leavey,Kevin Leavey,4th Year,C,39,male,+353 89 121 5011,"[1, 4]","{""chest_cm"": 101, ""waist_cm"": 97, ""hip_cm"": 101, ""shoulder_cm"": 42, ""sleeve_cm"": 56, ""length_cm"": 79}","{""1"": 1, ""4"": 1}",60.08,60.08,0,EUR,23/02/2025 08:04,completed,4,,2,23/02/2025 08:04,1,23/02/2025 08:04,TRUE
27,2,1,10,Rohan Finlay,Rohan Finlay,2nd Year,B,6,male,+353 85 206 9351,"[1, 4]","{""chest_cm"": 84, ""waist_cm"": 77, ""hip_cm"": 92, ""shoulder_cm"": 35, ""sleeve_cm"": 46, ""length_cm"": 66}","{""1"": 1, ""4"": 1}",56.78,56.78,0,EUR,15/02/2025 08:04,completed,5,,2,15/02/2025 08:04,10,15/02/2025 08:04,TRUE
28,2,1,10,Erica Culhane,Erica Culhane,3rd Year,A,35,female,+353 89 226 6939,"[3, 4]","{""chest_cm"": 101, ""waist_cm"": 92, ""hip_cm"": 105, ""shoulder_cm"": 42, ""sleeve_cm"": 56, ""length_cm"": 79}","{""3"": 1, ""4"": 1}",55.74,28.82,26.92,EUR,03/03/2025 08:04,completed,2,,4,03/03/2025 08:04,4,03/03/2025 08:04,TRUE
29,2,1,10,Shelby Mulloughney,Shelby Mulloughney,4th Year,A,7,female,+353 89 230 9174,"[3, 4]","{""chest_cm"": 99, ""waist_cm"": 89, ""hip_cm"": 107, ""shoulder_cm"": 42, ""sleeve_cm"": 54, ""length_cm"": 77}","{""3"": 1, ""4"": 1}",54,54,0,EUR,04/03/2025 08:04,completed,4,,4,04/03/2025 08:04,9,04/03/2025 08:04,TRUE
30,2,1,10,Rhianne Mullany,Rhianne Mullany,1st Year,B,2,female,+353 85 785 5737,"[3, 4]","{""chest_cm"": 97, ""waist_cm"": 91, ""hip_cm"": 105, ""shoulder_cm"": 41, ""sleeve_cm"": 53, ""length_cm"": 76}","{""3"": 1, ""4"": 1}",67.47,39.83,27.64,EUR,27/02/2025 08:04,completed,2,,2,27/02/2025 08:04,10,27/02/2025 08:04,TRUE
31,2,1,10,Pearse Enright,Pearse Enright,5th Year,C,4,male,+353 86 148 4677,"[1, 4]","{""chest_cm"": 85, ""waist_cm"": 81, ""hip_cm"": 90, ""shoulder_cm"": 36, ""sleeve_cm"": 47, ""length_cm"": 66}","{""1"": 1, ""4"": 1}",61.43,31.36,30.07,EUR,15/02/2025 08:04,completed,2,,4,15/02/2025 08:04,1,15/02/2025 08:04,TRUE
32,2,1,10,Toni Curley,Toni Curley,5th Year,A,7,female,+353 86 298 8051,"[3, 4]","{""chest_cm"": 82, ""waist_cm"": 77, ""hip_cm"": 89, ""shoulder_cm"": 34, ""sleeve_cm"": 45, ""length_cm"": 64}","{""3"": 1, ""4"": 1}",60.71,60.71,0,EUR,17/02/2025 08:04,completed,4,,4,17/02/2025 08:04,2,17/02/2025 08:04,TRUE
33,2,1,10,Angus Dickson,Angus Dickson,1st Year,C,11,male,+353 87 259 6908,"[1, 4]","{""chest_cm"": 84, ""waist_cm"": 78, ""hip_cm"": 91, ""shoulder_cm"": 35, ""sleeve_cm"": 46, ""length_cm"": 66}","{""1"": 1, ""4"": 1}",59.62,59.62,0,EUR,22/02/2025 08:04,completed,2,,2,22/02/2025 08:04,7,22/02/2025 08:04,TRUE
34,2,1,10,Charlie McGrenehan,Charlie McGrenehan,1st Year,B,26,female,+353 87 461 4694,"[3, 4]","{""chest_cm"": 96, ""waist_cm"": 86, ""hip_cm"": 102, ""shoulder_cm"": 40, ""sleeve_cm"": 53, ""length_cm"": 75}","{""3"": 1, ""4"": 1}",66.46,66.46,0,EUR,17/02/2025 08:04,completed,4,,4,17/02/2025 08:04,8,17/02/2025 08:04,TRUE
35,2,1,10,Polly Laffey,Polly Laffey,1st Year,B,10,female,+353 89 607 1994,"[3, 4]","{""chest_cm"": 79, ""waist_cm"": 72, ""hip_cm"": 80, ""shoulder_cm"": 33, ""sleeve_cm"": 43, ""length_cm"": 62}","{""3"": 1, ""4"": 1}",63.87,63.87,0,EUR,04/03/2025 08:04,completed,4,,4,04/03/2025 08:04,1,04/03/2025 08:04,TRUE
36,2,1,10,Niall McCadam,Niall McCadam,2nd Year,A,22,male,+353 83 894 1350,"[1, 4]","{""chest_cm"": 90, ""waist_cm"": 86, ""hip_cm"": 96, ""shoulder_cm"": 38, ""sleeve_cm"": 50, ""length_cm"": 70}","{""1"": 1, ""4"": 1}",68.1,68.1,0,EUR,26/02/2025 08:04,completed,2,,3,26/02/2025 08:04,3,26/02/2025 08:04,TRUE
37,2,1,10,Lorcan Lynch,Lorcan Lynch,2nd Year,C,20,male,+353 89 202 3060,"[1, 4]","{""chest_cm"": 78, ""waist_cm"": 73, ""hip_cm"": 85, ""shoulder_cm"": 33, ""sleeve_cm"": 43, ""length_cm"": 61}","{""1"": 1, ""4"": 1}",63.63,63.63,0,EUR,12/02/2025 08:04,completed,3,,4,12/02/2025 08:04,4,12/02/2025 08:04,TRUE
38,2,1,10,Blanaid McCool,Blanaid McCool,3rd Year,C,27,female,+353 89 290 7097,"[3, 4]","{""chest_cm"": 98, ""waist_cm"": 88, ""hip_cm"": 104, ""shoulder_cm"": 41, ""sleeve_cm"": 54, ""length_cm"": 76}","{""3"": 1, ""4"": 1}",64.84,64.84,0,EUR,25/02/2025 08:04,completed,3,,2,25/02/2025 08:04,11,25/02/2025 08:04,TRUE
39,2,1,10,Lisa Tully,Lisa Tully,5th Year,A,9,female,+353 89 209 8554,"[3, 4]","{""chest_cm"": 104, ""waist_cm"": 100, ""hip_cm"": 112, ""shoulder_cm"": 44, ""sleeve_cm"": 57, ""length_cm"": 81}","{""3"": 1, ""4"": 1}",59.67,33.73,25.94,EUR,14/02/2025 08:04,completed,3,,4,14/02/2025 08:04,12,14/02/2025 08:04,TRUE
40,2,1,10,Sheree Burchill,Sheree Burchill,1st Year,A,27,female,+353 89 800 2976,"[3, 4]","{""chest_cm"": 101, ""waist_cm"": 92, ""hip_cm"": 108, ""shoulder_cm"": 42, ""sleeve_cm"": 56, ""length_cm"": 79}","{""3"": 1, ""4"": 1}",64.71,64.71,0,EUR,23/02/2025 08:04,completed,3,,3,23/02/2025 08:04,10,23/02/2025 08:04,TRUE
41,2,1,10,Eimhear Fee,Eimhear Fee,3rd Year,A,40,female,+353 85 285 1891,"[3, 4]","{""chest_cm"": 94, ""waist_cm"": 85, ""hip_cm"": 94, ""shoulder_cm"": 39, ""sleeve_cm"": 52, ""length_cm"": 73}","{""3"": 1, ""4"": 1}",67.03,41.96,25.07,EUR,05/03/2025 08:04,completed,4,,2,05/03/2025 08:04,3,05/03/2025 08:04,TRUE
42,2,1,10,Matthew McComiskey,Matthew McComiskey,5th Year,A,3,male,+353 89 996 8395,"[1, 4]","{""chest_cm"": 94, ""waist_cm"": 85, ""hip_cm"": 98, ""shoulder_cm"": 39, ""sleeve_cm"": 52, ""length_cm"": 73}","{""1"": 1, ""4"": 1}",62.83,62.83,0,EUR,26/02/2025 08:04,completed,5,,2,26/02/2025 08:04,4,26/02/2025 08:04,TRUE
43,2,1,10,Tara Brannelly,Tara Brannelly,6th Year,C,3,female,+353 87 166 6426,"[3, 4]","{""chest_cm"": 87, ""waist_cm"": 80, ""hip_cm"": 91, ""shoulder_cm"": 37, ""sleeve_cm"": 48, ""length_cm"": 68}","{""3"": 1, ""4"": 1}",66.77,66.77,0,EUR,22/02/2025 08:04,completed,3,,3,22/02/2025 08:04,2,22/02/2025 08:04,TRUE
44,2,1,10,Gerard Lawlor,Gerard Lawlor,4th Year,C,14,male,+353 86 591 6885,"[1, 4]","{""chest_cm"": 94, ""waist_cm"": 88, ""hip_cm"": 96, ""shoulder_cm"": 39, ""sleeve_cm"": 52, ""length_cm"": 73}","{""1"": 1, ""4"": 1}",60.24,28.66,31.58,EUR,21/02/2025 08:04,completed,2,,3,21/02/2025 08:04,2,21/02/2025 08:04,TRUE
45,2,1,10,Warren Davitt,Warren Davitt,4th Year,C,15,male,+353 85 900 4661,"[1, 4]","{""chest_cm"": 84, ""waist_cm"": 74, ""hip_cm"": 91, ""shoulder_cm"": 35, ""sleeve_cm"": 46, ""length_cm"": 66}","{""1"": 1, ""4"": 1}",65.98,65.98,0,EUR,05/03/2025 08:04,completed,2,,3,05/03/2025 08:04,10,05/03/2025 08:04,TRUE
46,2,1,10,Kristina Looney,Kristina Looney,2nd Year,C,4,female,+353 86 586 8033,"[3, 4]","{""chest_cm"": 92, ""waist_cm"": 85, ""hip_cm"": 92, ""shoulder_cm"": 39, ""sleeve_cm"": 51, ""length_cm"": 72}","{""3"": 1, ""4"": 1}",67.68,35.65,32.03,EUR,22/02/2025 08:04,completed,3,,4,22/02/2025 08:04,10,22/02/2025 08:04,TRUE
47,2,1,10,Ellie Heffron,Ellie Heffron,6th Year,B,31,female,+353 89 501 5503,"[3, 4]","{""chest_cm"": 79, ""waist_cm"": 75, ""hip_cm"": 85, ""shoulder_cm"": 33, ""sleeve_cm"": 43, ""length_cm"": 62}","{""3"": 1, ""4"": 1}",57.17,57.17,0,EUR,28/02/2025 08:04,completed,3,,3,28/02/2025 08:04,6,28/02/2025 08:04,TRUE
48,2,1,10,Chelsea Farnan,Chelsea Farnan,2nd Year,C,13,female,+353 89 196 7459,"[3, 4]","{""chest_cm"": 90, ""waist_cm"": 86, ""hip_cm"": 97, ""shoulder_cm"": 38, ""sleeve_cm"": 50, ""length_cm"": 70}","{""3"": 1, ""4"": 1}",67.72,67.72,0,EUR,25/02/2025 08:04,completed,2,,3,25/02/2025 08:04,10,25/02/2025 08:04,TRUE
49,2,1,10,Bryan Feely,Bryan Feely,4th Year,A,34,male,+353 85 613 1253,"[1, 4]","{""chest_cm"": 79, ""waist_cm"": 69, ""hip_cm"": 85, ""shoulder_cm"": 33, ""sleeve_cm"": 43, ""length_cm"": 62}","{""1"": 1, ""4"": 1}",66.41,66.41,0,EUR,05/03/2025 08:04,completed,3,,4,05/03/2025 08:04,9,05/03/2025 08:04,TRUE
50,2,1,10,Erika Silke,Erika Silke,1st Year,B,17,female,+353 87 131 3708,"[3, 4]","{""chest_cm"": 92, ""waist_cm"": 83, ""hip_cm"": 96, ""shoulder_cm"": 39, ""sleeve_cm"": 51, ""length_cm"": 72}","{""3"": 1, ""4"": 1}",54.66,26.29,28.37,EUR,27/02/2025 08:04,completed,5,,4,27/02/2025 08:04,6,27/02/2025 08:04,TRUE
51,2,1,10,Codie Robertson,Codie Robertson,2nd Year,A,20,female,+353 86 771 3227,"[3, 4]","{""chest_cm"": 99, ""waist_cm"": 92, ""hip_cm"": 101, ""shoulder_cm"": 42, ""sleeve_cm"": 54, ""length_cm"": 77}","{""3"": 1, ""4"": 1}",71.61,71.61,0,EUR,13/02/2025 08:04,completed,5,,3,13/02/2025 08:04,3,13/02/2025 08:04,TRUE
52,2,1,10,Maeve Cadogan,Maeve Cadogan,2nd Year,A,28,female,+353 89 681 5598,"[3, 4]","{""chest_cm"": 80, ""waist_cm"": 72, ""hip_cm"": 86, ""shoulder_cm"": 34, ""sleeve_cm"": 44, ""length_cm"": 62}","{""3"": 1, ""4"": 1}",64.48,13.47,51.01,EUR,04/03/2025 08:04,completed,4,,2,04/03/2025 08:04,5,04/03/2025 08:04,TRUE
53,2,1,10,Antoinette Heckett,Antoinette Heckett,1st Year,C,3,female,+353 86 291 2464,"[3, 4]","{""chest_cm"": 80, ""waist_cm"": 76, ""hip_cm"": 88, ""shoulder_cm"": 34, ""sleeve_cm"": 44, ""length_cm"": 62}","{""3"": 1, ""4"": 1}",62.46,24.31,38.15,EUR,03/03/2025 08:04,completed,4,,2,03/03/2025 08:04,6,03/03/2025 08:04,TRUE
54,2,1,10,Aidan McCarthy,Aidan McCarthy,2nd Year,B,37,male,+353 89 128 9907,"[1, 4]","{""chest_cm"": 86, ""waist_cm"": 76, ""hip_cm"": 88, ""shoulder_cm"": 36, ""sleeve_cm"": 47, ""length_cm"": 67}","{""1"": 1, ""4"": 1}",51.99,51.99,0,EUR,21/02/2025 08:04,completed,5,,2,21/02/2025 08:04,8,21/02/2025 08:04,TRUE
55,2,1,10,Evan Keogan,Evan Keogan,1st Year,B,17,male,+353 83 343 1227,"[1, 4]","{""chest_cm"": 98, ""waist_cm"": 90, ""hip_cm"": 102, ""shoulder_cm"": 41, ""sleeve_cm"": 54, ""length_cm"": 76}","{""1"": 1, ""4"": 1}",58.33,26.15,32.18,EUR,15/02/2025 08:04,completed,2,,4,15/02/2025 08:04,3,15/02/2025 08:04,TRUE
56,2,1,10,Stewart McAuley,Stewart McAuley,6th Year,C,7,male,+353 86 125 4877,"[1, 4]","{""chest_cm"": 98, ""waist_cm"": 93, ""hip_cm"": 98, ""shoulder_cm"": 41, ""sleeve_cm"": 54, ""length_cm"": 76}","{""1"": 1, ""4"": 1}",59.15,59.15,0,EUR,05/03/2025 08:04,completed,2,,2,05/03/2025 08:04,11,05/03/2025 08:04,TRUE
57,2,1,10,Caolan McNaughton,Caolan McNaughton,2nd Year,A,7,male,+353 87 412 5571,"[1, 4]","{""chest_cm"": 84, ""waist_cm"": 79, ""hip_cm"": 85, ""shoulder_cm"": 35, ""sleeve_cm"": 46, ""length_cm"": 66}","{""1"": 1, ""4"": 1}",55.86,55.86,0,EUR,17/02/2025 08:04,completed,3,,2,17/02/2025 08:04,7,17/02/2025 08:04,TRUE
58,2,1,10,Casey Dunford,Casey Dunford,5th Year,C,5,female,+353 89 865 2724,"[3, 4]","{""chest_cm"": 89, ""waist_cm"": 80, ""hip_cm"": 92, ""shoulder_cm"": 37, ""sleeve_cm"": 49, ""length_cm"": 69}","{""3"": 1, ""4"": 1}",70.97,32.98,37.99,EUR,19/02/2025 08:04,completed,4,,2,19/02/2025 08:04,3,19/02/2025 08:04,TRUE
59,2,1,10,Evie Bowler,Evie Bowler,3rd Year,C,32,female,+353 83 952 3978,"[3, 4]","{""chest_cm"": 78, ""waist_cm"": 72, ""hip_cm"": 79, ""shoulder_cm"": 33, ""sleeve_cm"": 43, ""length_cm"": 61}","{""3"": 1, ""4"": 1}",60.99,60.99,0,EUR,21/02/2025 08:04,completed,3,,3,21/02/2025 08:04,10,21/02/2025 08:04,TRUE
60,2,1,10,Rosie O'Togher,Rosie O'Togher,2nd Year,C,22,female,+353 89 980 5097,"[3, 4]","{""chest_cm"": 91, ""waist_cm"": 82, ""hip_cm"": 95, ""shoulder_cm"": 38, ""sleeve_cm"": 50, ""length_cm"": 71}","{""3"": 1, ""4"": 1}",58.44,58.44,0,EUR,15/02/2025 08:04,completed,5,,2,15/02/2025 08:04,7,15/02/2025 08:04,TRUE
61,2,1,10,Donal Hollywood,Donal Hollywood,6th Year,C,32,male,+353 87 958 2514,"[1, 4]","{""chest_cm"": 82, ""waist_cm"": 78, ""hip_cm"": 87, ""shoulder_cm"": 34, ""sleeve_cm"": 45, ""length_cm"": 64}","{""1"": 1, ""4"": 1}",59.54,59.54,0,EUR,23/02/2025 08:04,completed,3,,3,23/02/2025 08:04,3,23/02/2025 08:04,TRUE
62,2,1,10,Amelia Cawley,Amelia Cawley,2nd Year,A,12,female,+353 89 737 2161,"[3, 4]","{""chest_cm"": 82, ""waist_cm"": 76, ""hip_cm"": 87, ""shoulder_cm"": 34, ""sleeve_cm"": 45, ""length_cm"": 64}","{""3"": 1, ""4"": 1}",65.44,24.42,41.02,EUR,04/03/2025 08:04,completed,2,,3,04/03/2025 08:04,1,04/03/2025 08:04,TRUE
63,2,1,10,Christina Sinnott,Christina Sinnott,6th Year,B,9,female,+353 86 105 2511,"[3, 4]","{""chest_cm"": 85, ""waist_cm"": 77, ""hip_cm"": 91, ""shoulder_cm"": 36, ""sleeve_cm"": 47, ""length_cm"": 66}","{""3"": 1, ""4"": 1}",63.76,28.74,35.02,EUR,21/02/2025 08:04,completed,3,,3,21/02/2025 08:04,9,21/02/2025 08:04,TRUE
64,2,1,10,Pierce Conefrey,Pierce Conefrey,4th Year,C,10,male,+353 85 289 8390,"[1, 4]","{""chest_cm"": 94, ""waist_cm"": 85, ""hip_cm"": 95, ""shoulder_cm"": 39, ""sleeve_cm"": 52, ""length_cm"": 73}","{""1"": 1, ""4"": 1}",62.31,62.31,0,EUR,22/02/2025 08:04,completed,5,,3,22/02/2025 08:04,2,22/02/2025 08:04,TRUE
65,2,1,10,Cillian Conaty,Cillian Conaty,5th Year,B,25,male,+353 89 305 4735,"[1, 4]","{""chest_cm"": 83, ""waist_cm"": 75, ""hip_cm"": 87, ""shoulder_cm"": 35, ""sleeve_cm"": 46, ""length_cm"": 65}","{""1"": 1, ""4"": 1}",61.17,61.17,0,EUR,20/02/2025 08:04,completed,2,,2,20/02/2025 08:04,1,20/02/2025 08:04,TRUE
66,2,1,10,Leon Day,Leon Day,2nd Year,B,15,male,+353 89 628 8511,"[1, 4]","{""chest_cm"": 91, ""waist_cm"": 85, ""hip_cm"": 95, ""shoulder_cm"": 38, ""sleeve_cm"": 50, ""length_cm"": 71}","{""1"": 1, ""4"": 1}",63.75,37.06,26.69,EUR,19/02/2025 08:04,completed,4,,2,19/02/2025 08:04,8,19/02/2025 08:04,TRUE
67,2,1,10,Rowan Lawlor,Rowan Lawlor,4th Year,C,4,male,+353 83 358 3295,"[1, 4]","{""chest_cm"": 83, ""waist_cm"": 79, ""hip_cm"": 83, ""shoulder_cm"": 35, ""sleeve_cm"": 46, ""length_cm"": 65}","{""1"": 1, ""4"": 1}",57.22,57.22,0,EUR,23/02/2025 08:04,completed,4,,3,23/02/2025 08:04,2,23/02/2025 08:04,TRUE
68,2,1,10,Hugh Looney,Hugh Looney,4th Year,C,14,male,+353 86 938 7602,"[1, 4]","{""chest_cm"": 90, ""waist_cm"": 81, ""hip_cm"": 95, ""shoulder_cm"": 38, ""sleeve_cm"": 50, ""length_cm"": 70}","{""1"": 1, ""4"": 1}",59.81,12.45,47.36,EUR,03/03/2025 08:04,completed,5,,4,03/03/2025 08:04,6,03/03/2025 08:04,TRUE
69,2,1,10,Damian Gillick,Damian Gillick,6th Year,B,34,male,+353 83 656 1208,"[1, 4]","{""chest_cm"": 96, ""waist_cm"": 92, ""hip_cm"": 101, ""shoulder_cm"": 40, ""sleeve_cm"": 53, ""length_cm"": 75}","{""1"": 1, ""4"": 1}",54.32,54.32,0,EUR,02/03/2025 08:04,completed,3,,2,02/03/2025 08:04,8,02/03/2025 08:04,TRUE
70,2,1,10,Sam Nestor,Sam Nestor,1st Year,C,14,male,+353 87 950 4529,"[1, 4]","{""chest_cm"": 100, ""waist_cm"": 93, ""hip_cm"": 108, ""shoulder_cm"": 42, ""sleeve_cm"": 55, ""length_cm"": 78}","{""1"": 1, ""4"": 1}",62.85,17.2,45.65,EUR,21/02/2025 08:04,completed,2,,3,21/02/2025 08:04,1,21/02/2025 08:04,TRUE
71,2,1,10,Zak Flynn,Zak Flynn,3rd Year,A,29,male,+353 83 941 6578,"[1, 4]","{""chest_cm"": 100, ""waist_cm"": 92, ""hip_cm"": 105, ""shoulder_cm"": 42, ""sleeve_cm"": 55, ""length_cm"": 78}","{""1"": 1, ""4"": 1}",55.08,55.08,0,EUR,20/02/2025 08:04,completed,3,,4,20/02/2025 08:04,10,20/02/2025 08:04,TRUE
72,2,1,10,Shanna McBreen,Shanna McBreen,3rd Year,B,23,female,+353 85 789 7162,"[3, 4]","{""chest_cm"": 80, ""waist_cm"": 72, ""hip_cm"": 88, ""shoulder_cm"": 34, ""sleeve_cm"": 44, ""length_cm"": 62}","{""3"": 1, ""4"": 1}",64.73,64.73,0,EUR,26/02/2025 08:04,completed,5,,4,26/02/2025 08:04,3,26/02/2025 08:04,TRUE
73,2,1,10,Aedan Pringle,Aedan Pringle,3rd Year,A,11,male,+353 85 435 7327,"[1, 4]","{""chest_cm"": 100, ""waist_cm"": 93, ""hip_cm"": 103, ""shoulder_cm"": 42, ""sleeve_cm"": 55, ""length_cm"": 78}","{""1"": 1, ""4"": 1}",50.68,50.68,0,EUR,21/02/2025 08:04,completed,4,,4,21/02/2025 08:04,5,21/02/2025 08:04,TRUE
74,2,1,10,Deaglan McDaid,Deaglan McDaid,6th Year,A,31,male,+353 86 315 9533,"[1, 4]","{""chest_cm"": 97, ""waist_cm"": 93, ""hip_cm"": 100, ""shoulder_cm"": 41, ""sleeve_cm"": 53, ""length_cm"": 76}","{""1"": 1, ""4"": 1}",63.6,63.6,0,EUR,14/02/2025 08:04,completed,4,,2,14/02/2025 08:04,7,14/02/2025 08:04,TRUE
75,2,1,10,Thomas Cawley,Thomas Cawley,5th Year,B,38,male,+353 85 766 1766,"[1, 4]","{""chest_cm"": 89, ""waist_cm"": 80, ""hip_cm"": 97, ""shoulder_cm"": 37, ""sleeve_cm"": 49, ""length_cm"": 69}","{""1"": 1, ""4"": 1}",65.15,24.28,40.87,EUR,13/02/2025 08:04,completed,5,,2,13/02/2025 08:04,8,13/02/2025 08:04,TRUE
76,2,1,10,Aideen Byrne,Aideen Byrne,1st Year,A,4,female,+353 85 917 5398,"[3, 4]","{""chest_cm"": 80, ""waist_cm"": 76, ""hip_cm"": 86, ""shoulder_cm"": 34, ""sleeve_cm"": 44, ""length_cm"": 62}","{""3"": 1, ""4"": 1}",56.4,56.4,0,EUR,23/02/2025 08:04,completed,4,,3,23/02/2025 08:04,2,23/02/2025 08:04,TRUE
77,2,1,10,Heidi Bandeville,Heidi Bandeville,1st Year,C,26,female,+353 85 638 2692,"[3, 4]","{""chest_cm"": 93, ""waist_cm"": 85, ""hip_cm"": 100, ""shoulder_cm"": 39, ""sleeve_cm"": 51, ""length_cm"": 73}","{""3"": 1, ""4"": 1}",65.99,35.51,30.48,EUR,05/03/2025 08:04,completed,5,,3,05/03/2025 08:04,9,05/03/2025 08:04,TRUE
78,2,1,10,Mitchel Lowe,Mitchel Lowe,1st Year,C,29,male,+353 83 658 6620,"[1, 4]","{""chest_cm"": 100, ""waist_cm"": 95, ""hip_cm"": 107, ""shoulder_cm"": 42, ""sleeve_cm"": 55, ""length_cm"": 78}","{""1"": 1, ""4"": 1}",64.18,64.18,0,EUR,01/03/2025 08:04,completed,4,,3,01/03/2025 08:04,8,01/03/2025 08:04,TRUE
79,2,1,10,Roberta Uniacke,Roberta Uniacke,2nd Year,A,26,female,+353 83 635 5316,"[3, 4]","{""chest_cm"": 79, ""waist_cm"": 71, ""hip_cm"": 82, ""shoulder_cm"": 33, ""sleeve_cm"": 43, ""length_cm"": 62}","{""3"": 1, ""4"": 1}",52.58,14.5,38.08,EUR,04/03/2025 08:04,completed,3,,3,04/03/2025 08:04,1,04/03/2025 08:04,TRUE
80,2,1,10,Scott Delargy,Scott Delargy,4th Year,C,8,male,+353 89 608 8101,"[1, 4]","{""chest_cm"": 82, ""waist_cm"": 76, ""hip_cm"": 88, ""shoulder_cm"": 34, ""sleeve_cm"": 45, ""length_cm"": 64}","{""1"": 1, ""4"": 1}",53.2,53.2,0,EUR,19/02/2025 08:04,completed,5,,4,19/02/2025 08:04,12,19/02/2025 08:04,TRUE
81,2,1,10,Emmett Mulcahy,Emmett Mulcahy,3rd Year,C,21,male,+353 83 412 2131,"[1, 4]","{""chest_cm"": 91, ""waist_cm"": 86, ""hip_cm"": 95, ""shoulder_cm"": 38, ""sleeve_cm"": 50, ""length_cm"": 71}","{""1"": 1, ""4"": 1}",56.29,56.29,0,EUR,03/03/2025 08:04,completed,3,,2,03/03/2025 08:04,1,03/03/2025 08:04,TRUE
82,2,1,10,Antoin Slattery,Antoin Slattery,3rd Year,C,20,male,+353 87 996 1797,"[1, 4]","{""chest_cm"": 90, ""waist_cm"": 84, ""hip_cm"": 93, ""shoulder_cm"": 38, ""sleeve_cm"": 50, ""length_cm"": 70}","{""1"": 1, ""4"": 1}",61.69,35.71,25.98,EUR,03/03/2025 08:04,completed,5,,4,03/03/2025 08:04,8,03/03/2025 08:04,TRUE
83,2,1,10,Jared McGettrick,Jared McGettrick,4th Year,A,14,male,+353 83 615 2350,"[1, 4]","{""chest_cm"": 85, ""waist_cm"": 76, ""hip_cm"": 88, ""shoulder_cm"": 36, ""sleeve_cm"": 47, ""length_cm"": 66}","{""1"": 1, ""4"": 1}",68.18,68.18,0,EUR,12/02/2025 08:04,completed,3,,2,12/02/2025 08:04,4,12/02/2025 08:04,TRUE
84,2,1,10,Jolene Keary,Jolene Keary,1st Year,A,25,female,+353 85 185 5977,"[3, 4]","{""chest_cm"": 79, ""waist_cm"": 72, ""hip_cm"": 81, ""shoulder_cm"": 33, ""sleeve_cm"": 43, ""length_cm"": 62}","{""3"": 1, ""4"": 1}",73.88,73.88,0,EUR,27/02/2025 08:04,completed,2,,3,27/02/2025 08:04,11,27/02/2025 08:04,TRUE
85,2,1,10,Owen Maguire,Owen Maguire,6th Year,A,23,male,+353 89 378 5807,"[1, 4]","{""chest_cm"": 87, ""waist_cm"": 82, ""hip_cm"": 89, ""shoulder_cm"": 37, ""sleeve_cm"": 48, ""length_cm"": 68}","{""1"": 1, ""4"": 1}",67.35,67.35,0,EUR,22/02/2025 08:04,completed,3,,3,22/02/2025 08:04,4,22/02/2025 08:04,TRUE
86,2,1,10,Kurtis Hillen,Kurtis Hillen,5th Year,B,23,male,+353 87 457 2393,"[1, 4]","{""chest_cm"": 79, ""waist_cm"": 71, ""hip_cm"": 86, ""shoulder_cm"": 33, ""sleeve_cm"": 43, ""length_cm"": 62}","{""1"": 1, ""4"": 1}",58.32,58.32,0,EUR,04/03/2025 08:04,completed,5,,3,04/03/2025 08:04,11,04/03/2025 08:04,TRUE
87,2,1,10,Angus Fall,Angus Fall,5th Year,A,21,male,+353 86 653 6016,"[1, 4]","{""chest_cm"": 79, ""waist_cm"": 69, ""hip_cm"": 79, ""shoulder_cm"": 33, ""sleeve_cm"": 43, ""length_cm"": 62}","{""1"": 1, ""4"": 1}",54.58,54.58,0,EUR,28/02/2025 08:04,completed,4,,2,28/02/2025 08:04,8,28/02/2025 08:04,TRUE
88,2,1,10,Susanna MacNabb,Susanna MacNabb,5th Year,B,39,female,+353 83 729 2694,"[3, 4]","{""chest_cm"": 91, ""waist_cm"": 82, ""hip_cm"": 91, ""shoulder_cm"": 38, ""sleeve_cm"": 50, ""length_cm"": 71}","{""3"": 1, ""4"": 1}",58.49,58.49,0,EUR,19/02/2025 08:04,completed,3,,3,19/02/2025 08:04,5,19/02/2025 08:04,TRUE
89,2,1,10,Erika Sayers,Erika Sayers,6th Year,A,4,female,+353 86 581 2944,"[3, 4]","{""chest_cm"": 92, ""waist_cm"": 85, ""hip_cm"": 100, ""shoulder_cm"": 39, ""sleeve_cm"": 51, ""length_cm"": 72}","{""3"": 1, ""4"": 1}",64.48,64.48,0,EUR,19/02/2025 08:04,completed,3,,4,19/02/2025 08:04,8,19/02/2025 08:04,TRUE
90,2,1,10,Morgan McKinney,Morgan McKinney,3rd Year,C,5,female,+353 89 612 4557,"[3, 4]","{""chest_cm"": 91, ""waist_cm"": 84, ""hip_cm"": 95, ""shoulder_cm"": 38, ""sleeve_cm"": 50, ""length_cm"": 71}","{""3"": 1, ""4"": 1}",57.76,57.76,0,EUR,17/02/2025 08:04,completed,5,,3,17/02/2025 08:04,6,17/02/2025 08:04,TRUE
91,2,1,10,Paul Freeney,Paul Freeney,6th Year,A,13,male,+353 87 726 9929,"[1, 4]","{""chest_cm"": 80, ""waist_cm"": 72, ""hip_cm"": 83, ""shoulder_cm"": 34, ""sleeve_cm"": 44, ""length_cm"": 62}","{""1"": 1, ""4"": 1}",58.73,58.73,0,EUR,19/02/2025 08:04,completed,3,,3,19/02/2025 08:04,7,19/02/2025 08:04,TRUE
92,2,1,10,Carl Millar,Carl Millar,4th Year,A,1,male,+353 89 892 4188,"[1, 4]","{""chest_cm"": 104, ""waist_cm"": 97, ""hip_cm"": 107, ""shoulder_cm"": 44, ""sleeve_cm"": 57, ""length_cm"": 81}","{""1"": 1, ""4"": 1}",60.07,42.03,18.04,EUR,22/02/2025 08:04,completed,3,,3,22/02/2025 08:04,4,22/02/2025 08:04,TRUE
93,2,1,10,Danielle Hodnett,Danielle Hodnett,3rd Year,A,8,female,+353 87 230 5678,"[3, 4]","{""chest_cm"": 82, ""waist_cm"": 75, ""hip_cm"": 87, ""shoulder_cm"": 34, ""sleeve_cm"": 45, ""length_cm"": 64}","{""3"": 1, ""4"": 1}",62.84,62.84,0,EUR,16/02/2025 08:04,completed,3,,2,16/02/2025 08:04,1,16/02/2025 08:04,TRUE
94,2,1,10,Diane Kearns,Diane Kearns,6th Year,B,37,female,+353 86 302 1402,"[3, 4]","{""chest_cm"": 88, ""waist_cm"": 83, ""hip_cm"": 94, ""shoulder_cm"": 37, ""sleeve_cm"": 48, ""length_cm"": 69}","{""3"": 1, ""4"": 1}",53.26,21.19,32.07,EUR,28/02/2025 08:04,completed,4,,2,28/02/2025 08:04,3,28/02/2025 08:04,TRUE
95,2,1,10,Faye Fay,Faye Fay,1st Year,A,40,female,+353 85 617 2432,"[3, 4]","{""chest_cm"": 103, ""waist_cm"": 99, ""hip_cm"": 106, ""shoulder_cm"": 43, ""sleeve_cm"": 57, ""length_cm"": 80}","{""3"": 1, ""4"": 1}",70.11,33.91,36.2,EUR,04/03/2025 08:04,completed,4,,3,04/03/2025 08:04,10,04/03/2025 08:04,TRUE
96,2,1,10,Justine Hession,Justine Hession,3rd Year,B,1,female,+353 86 238 2742,"[3, 4]","{""chest_cm"": 104, ""waist_cm"": 97, ""hip_cm"": 106, ""shoulder_cm"": 44, ""sleeve_cm"": 57, ""length_cm"": 81}","{""3"": 1, ""4"": 1}",69.17,69.17,0,EUR,26/02/2025 08:04,completed,2,,3,26/02/2025 08:04,9,26/02/2025 08:04,TRUE
97,2,1,10,Julie Leydon,Julie Leydon,1st Year,C,40,female,+353 89 951 4752,"[3, 4]","{""chest_cm"": 82, ""waist_cm"": 73, ""hip_cm"": 85, ""shoulder_cm"": 34, ""sleeve_cm"": 45, ""length_cm"": 64}","{""3"": 1, ""4"": 1}",66.44,66.44,0,EUR,18/02/2025 08:04,completed,4,,3,18/02/2025 08:04,10,18/02/2025 08:04,TRUE
98,2,1,10,Dara Belton,Dara Belton,6th Year,C,29,male,+353 86 689 8145,"[1, 4]","{""chest_cm"": 79, ""waist_cm"": 75, ""hip_cm"": 87, ""shoulder_cm"": 33, ""sleeve_cm"": 43, ""length_cm"": 62}","{""1"": 1, ""4"": 1}",59.19,59.19,0,EUR,03/03/2025 08:04,completed,2,,2,03/03/2025 08:04,9,03/03/2025 08:04,TRUE
99,2,1,10,Daire Sealy,Daire Sealy,6th Year,A,39,female,+353 89 237 6673,"[3, 4]","{""chest_cm"": 91, ""waist_cm"": 86, ""hip_cm"": 95, ""shoulder_cm"": 38, ""sleeve_cm"": 50, ""length_cm"": 71}","{""3"": 1, ""4"": 1}",54.41,31.46,22.95,EUR,17/02/2025 08:04,completed,3,,3,17/02/2025 08:04,9,17/02/2025 08:04,TRUE
100,2,1,10,Tiarnan Haggerty,Tiarnan Haggerty,2nd Year,B,34,male,+353 85 657 2935,"[1, 4]","{""chest_cm"": 79, ""waist_cm"": 71, ""hip_cm"": 81, ""shoulder_cm"": 33, ""sleeve_cm"": 43, ""length_cm"": 62}","{""1"": 1, ""4"": 1}",62.61,34.57,28.04,EUR,12/02/2025 08:04,completed,5,,3,12/02/2025 08:04,4,12/02/2025 08:04,TRUE
101,2,1,10,Declan Devereaux Deaueroux,Declan Devereaux Deaueroux,6th Year,C,5,male,+353 86 596 7931,"[1, 4]","{""chest_cm"": 90, ""waist_cm"": 83, ""hip_cm"": 91, ""shoulder_cm"": 38, ""sleeve_cm"": 50, ""length_cm"": 70}","{""1"": 1, ""4"": 1}",54.3,54.3,0,EUR,17/02/2025 08:04,completed,5,,2,17/02/2025 08:04,3,17/02/2025 08:04,TRUE
102,2,1,10,Lauren McGuire,Lauren McGuire,2nd Year,C,31,female,+353 83 479 4694,"[3, 4]","{""chest_cm"": 85, ""waist_cm"": 79, ""hip_cm"": 93, ""shoulder_cm"": 36, ""sleeve_cm"": 47, ""length_cm"": 66}","{""3"": 1, ""4"": 1}",56.4,56.4,0,EUR,25/02/2025 08:04,completed,3,,3,25/02/2025 08:04,2,25/02/2025 08:04,TRUE
103,2,1,10,Terence McNaboe,Terence McNaboe,5th Year,A,3,male,+353 89 314 6320,"[1, 4]","{""chest_cm"": 101, ""waist_cm"": 95, ""hip_cm"": 102, ""shoulder_cm"": 42, ""sleeve_cm"": 56, ""length_cm"": 79}","{""1"": 1, ""4"": 1}",64.54,64.54,0,EUR,27/02/2025 08:04,completed,3,,3,27/02/2025 08:04,12,27/02/2025 08:04,TRUE
104,2,1,10,Enda McKillop,Enda McKillop,4th Year,A,29,male,+353 87 401 4255,"[1, 4]","{""chest_cm"": 88, ""waist_cm"": 82, ""hip_cm"": 90, ""shoulder_cm"": 37, ""sleeve_cm"": 48, ""length_cm"": 69}","{""1"": 1, ""4"": 1}",65.32,43.4,21.92,EUR,24/02/2025 08:04,completed,3,,2,24/02/2025 08:04,1,24/02/2025 08:04,TRUE
105,2,1,10,Carmel Moloney,Carmel Moloney,6th Year,A,36,female,+353 89 498 8473,"[3, 4]","{""chest_cm"": 102, ""waist_cm"": 96, ""hip_cm"": 102, ""shoulder_cm"": 43, ""sleeve_cm"": 56, ""length_cm"": 80}","{""3"": 1, ""4"": 1}",73.31,73.31,0,EUR,02/03/2025 08:04,completed,3,,4,02/03/2025 08:04,11,02/03/2025 08:04,TRUE
106,2,1,10,Adrian Finneran,Adrian Finneran,6th Year,C,6,male,+353 87 173 7835,"[1, 4]","{""chest_cm"": 99, ""waist_cm"": 91, ""hip_cm"": 100, ""shoulder_cm"": 42, ""sleeve_cm"": 54, ""length_cm"": 77}","{""1"": 1, ""4"": 1}",59.44,59.44,0,EUR,19/02/2025 08:04,completed,3,,3,19/02/2025 08:04,3,19/02/2025 08:04,TRUE
107,2,1,10,Julie-Anne Stapleton,Julie-Anne Stapleton,1st Year,B,35,female,+353 87 580 2506,"[3, 4]","{""chest_cm"": 90, ""waist_cm"": 83, ""hip_cm"": 92, ""shoulder_cm"": 38, ""sleeve_cm"": 50, ""length_cm"": 70}","{""3"": 1, ""4"": 1}",69.09,69.09,0,EUR,20/02/2025 08:04,completed,5,,4,20/02/2025 08:04,6,20/02/2025 08:04,TRUE
108,2,1,10,Lucy McEntaggart,Lucy McEntaggart,5th Year,A,1,female,+353 83 946 2202,"[3, 4]","{""chest_cm"": 103, ""waist_cm"": 93, ""hip_cm"": 109, ""shoulder_cm"": 43, ""sleeve_cm"": 57, ""length_cm"": 80}","{""3"": 1, ""4"": 1}",54.77,54.77,0,EUR,02/03/2025 08:04,completed,3,,2,02/03/2025 08:04,7,02/03/2025 08:04,TRUE
109,2,1,10,Alister Davis,Alister Davis,4th Year,C,39,male,+353 89 514 6666,"[1, 4]","{""chest_cm"": 100, ""waist_cm"": 93, ""hip_cm"": 100, ""shoulder_cm"": 42, ""sleeve_cm"": 55, ""length_cm"": 78}","{""1"": 1, ""4"": 1}",57.58,32.4,25.18,EUR,04/03/2025 08:04,completed,5,,3,04/03/2025 08:04,10,04/03/2025 08:04,TRUE
110,2,1,10,Megan Bresnehan,Megan Bresnehan,1st Year,C,4,female,+353 83 728 8104,"[3, 4]","{""chest_cm"": 99, ""waist_cm"": 95, ""hip_cm"": 106, ""shoulder_cm"": 42, ""sleeve_cm"": 54, ""length_cm"": 77}","{""3"": 1, ""4"": 1}",68.98,68.98,0,EUR,03/03/2025 08:04,completed,5,,4,03/03/2025 08:04,3,03/03/2025 08:04,TRUE
111,2,1,10,Cherie Cloone,Cherie Cloone,3rd Year,C,29,female,+353 83 133 4371,"[3, 4]","{""chest_cm"": 93, ""waist_cm"": 86, ""hip_cm"": 94, ""shoulder_cm"": 39, ""sleeve_cm"": 51, ""length_cm"": 73}","{""3"": 1, ""4"": 1}",59.19,59.19,0,EUR,27/02/2025 08:04,completed,3,,2,27/02/2025 08:04,9,27/02/2025 08:04,TRUE
112,2,1,10,Odhran Heelan,Odhran Heelan,1st Year,B,24,male,+353 89 461 9267,"[1, 4]","{""chest_cm"": 78, ""waist_cm"": 69, ""hip_cm"": 79, ""shoulder_cm"": 33, ""sleeve_cm"": 43, ""length_cm"": 61}","{""1"": 1, ""4"": 1}",52.82,52.82,0,EUR,05/03/2025 08:04,completed,4,,3,05/03/2025 08:04,2,05/03/2025 08:04,TRUE
113,2,1,10,Lucinda McKiernan,Lucinda McKiernan,2nd Year,C,27,female,+353 86 234 7247,"[3, 4]","{""chest_cm"": 78, ""waist_cm"": 70, ""hip_cm"": 80, ""shoulder_cm"": 33, ""sleeve_cm"": 43, ""length_cm"": 61}","{""3"": 1, ""4"": 1}",70.26,21.51,48.75,EUR,03/03/2025 08:04,completed,4,,3,03/03/2025 08:04,3,03/03/2025 08:04,TRUE
114,2,1,10,Shaun McKie,Shaun McKie,6th Year,B,19,male,+353 83 912 6857,"[1, 4]","{""chest_cm"": 93, ""waist_cm"": 89, ""hip_cm"": 100, ""shoulder_cm"": 39, ""sleeve_cm"": 51, ""length_cm"": 73}","{""1"": 1, ""4"": 1}",60.41,60.41,0,EUR,26/02/2025 08:04,completed,3,,2,26/02/2025 08:04,5,26/02/2025 08:04,TRUE
115,2,1,10,Shania Crahan,Shania Crahan,4th Year,B,28,female,+353 83 630 4658,"[3, 4]","{""chest_cm"": 90, ""waist_cm"": 83, ""hip_cm"": 96, ""shoulder_cm"": 38, ""sleeve_cm"": 50, ""length_cm"": 70}","{""3"": 1, ""4"": 1}",67.23,67.23,0,EUR,20/02/2025 08:04,completed,2,,3,20/02/2025 08:04,12,20/02/2025 08:04,TRUE
116,2,1,10,Ashling MacDonnell,Ashling MacDonnell,4th Year,C,18,female,+353 85 518 6665,"[3, 4]","{""chest_cm"": 94, ""waist_cm"": 86, ""hip_cm"": 94, ""shoulder_cm"": 39, ""sleeve_cm"": 52, ""length_cm"": 73}","{""3"": 1, ""4"": 1}",64.88,64.88,0,EUR,23/02/2025 08:04,completed,3,,2,23/02/2025 08:04,5,23/02/2025 08:04,TRUE
117,2,1,10,Macauley O'Grady,Macauley O'Grady,2nd Year,C,5,male,+353 87 302 5871,"[1, 4]","{""chest_cm"": 89, ""waist_cm"": 83, ""hip_cm"": 93, ""shoulder_cm"": 37, ""sleeve_cm"": 49, ""length_cm"": 69}","{""1"": 1, ""4"": 1}",64.36,20.66,43.7,EUR,03/03/2025 08:04,completed,2,,2,03/03/2025 08:04,11,03/03/2025 08:04,TRUE
118,2,1,10,Melissa Hallahan,Melissa Hallahan,5th Year,C,24,female,+353 87 692 1854,"[3, 4]","{""chest_cm"": 86, ""waist_cm"": 76, ""hip_cm"": 92, ""shoulder_cm"": 36, ""sleeve_cm"": 47, ""length_cm"": 67}","{""3"": 1, ""4"": 1}",61.61,61.61,0,EUR,06/03/2025 08:04,completed,4,,4,06/03/2025 08:04,11,06/03/2025 08:04,TRUE
119,2,1,10,Cal Hallanan,Cal Hallanan,4th Year,A,14,male,+353 83 550 2043,"[1, 4]","{""chest_cm"": 80, ""waist_cm"": 74, ""hip_cm"": 85, ""shoulder_cm"": 34, ""sleeve_cm"": 44, ""length_cm"": 62}","{""1"": 1, ""4"": 1}",62.81,36.22,26.59,EUR,21/02/2025 08:04,completed,2,,4,21/02/2025 08:04,6,21/02/2025 08:04,TRUE
120,2,1,10,Jesse O'Gallagher,Jesse O'Gallagher,6th Year,C,38,male,+353 87 906 1682,"[1, 4]","{""chest_cm"": 95, ""waist_cm"": 90, ""hip_cm"": 102, ""shoulder_cm"": 40, ""sleeve_cm"": 52, ""length_cm"": 74}","{""1"": 1, ""4"": 1}",55.1,33.53,21.57,EUR,14/02/2025 08:04,completed,3,,3,14/02/2025 08:04,9,14/02/2025 08:04,TRUE
121,2,1,10,Denise Bowler,Denise Bowler,6th Year,B,7,female,+353 85 491 4338,"[3, 4]","{""chest_cm"": 101, ""waist_cm"": 97, ""hip_cm"": 103, ""shoulder_cm"": 42, ""sleeve_cm"": 56, ""length_cm"": 79}","{""3"": 1, ""4"": 1}",69.9,69.9,0,EUR,13/02/2025 08:04,completed,2,,3,13/02/2025 08:04,7,13/02/2025 08:04,TRUE
122,2,1,10,Odhran Jennings,Odhran Jennings,6th Year,A,22,male,+353 87 313 8917,"[1, 4]","{""chest_cm"": 86, ""waist_cm"": 77, ""hip_cm"": 90, ""shoulder_cm"": 36, ""sleeve_cm"": 47, ""length_cm"": 67}","{""1"": 1, ""4"": 1}",54.04,33.24,20.8,EUR,17/02/2025 08:04,completed,2,,2,17/02/2025 08:04,10,17/02/2025 08:04,TRUE
123,2,1,10,Aislinn MacGroarty,Aislinn MacGroarty,4th Year,A,27,female,+353 87 495 1756,"[3, 4]","{""chest_cm"": 90, ""waist_cm"": 86, ""hip_cm"": 94, ""shoulder_cm"": 38, ""sleeve_cm"": 50, ""length_cm"": 70}","{""3"": 1, ""4"": 1}",56.59,56.59,0,EUR,27/02/2025 08:04,completed,3,,3,27/02/2025 08:04,10,27/02/2025 08:04,TRUE
124,2,1,10,Bryony Rabbitte,Bryony Rabbitte,5th Year,C,29,female,+353 86 763 6511,"[3, 4]","{""chest_cm"": 100, ""waist_cm"": 91, ""hip_cm"": 108, ""shoulder_cm"": 42, ""sleeve_cm"": 55, ""length_cm"": 78}","{""3"": 1, ""4"": 1}",66.45,43.99,22.46,EUR,24/02/2025 08:04,completed,2,,3,24/02/2025 08:04,5,24/02/2025 08:04,TRUE
125,2,1,10,Kelly Lavery,Kelly Lavery,6th Year,C,25,female,+353 89 602 4787,"[3, 4]","{""chest_cm"": 83, ""waist_cm"": 79, ""hip_cm"": 91, ""shoulder_cm"": 35, ""sleeve_cm"": 46, ""length_cm"": 65}","{""3"": 1, ""4"": 1}",59.34,59.34,0,EUR,04/03/2025 08:04,completed,3,,3,04/03/2025 08:04,1,04/03/2025 08:04,TRUE
126,2,1,10,Giles Mornane,Giles Mornane,1st Year,A,30,male,+353 83 598 2503,"[1, 4]","{""chest_cm"": 98, ""waist_cm"": 91, ""hip_cm"": 100, ""shoulder_cm"": 41, ""sleeve_cm"": 54, ""length_cm"": 76}","{""1"": 1, ""4"": 1}",61.47,29.6,31.87,EUR,17/02/2025 08:04,completed,3,,4,17/02/2025 08:04,1,17/02/2025 08:04,TRUE
127,2,1,10,April McCurtin,April McCurtin,6th Year,A,37,female,+353 85 400 6074,"[3, 4]","{""chest_cm"": 81, ""waist_cm"": 74, ""hip_cm"": 87, ""shoulder_cm"": 34, ""sleeve_cm"": 45, ""length_cm"": 63}","{""3"": 1, ""4"": 1}",63.94,63.94,0,EUR,15/02/2025 08:04,completed,2,,3,15/02/2025 08:04,2,15/02/2025 08:04,TRUE
128,2,1,10,Stuart Coonan,Stuart Coonan,5th Year,A,19,male,+353 87 419 5187,"[1, 4]","{""chest_cm"": 86, ""waist_cm"": 82, ""hip_cm"": 90, ""shoulder_cm"": 36, ""sleeve_cm"": 47, ""length_cm"": 67}","{""1"": 1, ""4"": 1}",60.9,60.9,0,EUR,27/02/2025 08:04,completed,5,,3,27/02/2025 08:04,8,27/02/2025 08:04,TRUE
129,2,1,10,Eoghan McConnon,Eoghan McConnon,2nd Year,C,37,male,+353 89 282 4410,"[1, 4]","{""chest_cm"": 87, ""waist_cm"": 83, ""hip_cm"": 93, ""shoulder_cm"": 37, ""sleeve_cm"": 48, ""length_cm"": 68}","{""1"": 1, ""4"": 1}",56.79,56.79,0,EUR,13/02/2025 08:04,completed,2,,2,13/02/2025 08:04,5,13/02/2025 08:04,TRUE
130,2,1,10,Sabrina Kevane,Sabrina Kevane,6th Year,B,23,female,+353 89 599 4616,"[3, 4]","{""chest_cm"": 85, ""waist_cm"": 77, ""hip_cm"": 87, ""shoulder_cm"": 36, ""sleeve_cm"": 47, ""length_cm"": 66}","{""3"": 1, ""4"": 1}",63.71,21.09,42.62,EUR,24/02/2025 08:04,completed,2,,3,24/02/2025 08:04,6,24/02/2025 08:04,TRUE
131,2,1,10,Tomas Nicholls,Tomas Nicholls,2nd Year,B,32,male,+353 89 256 1300,"[1, 4]","{""chest_cm"": 93, ""waist_cm"": 89, ""hip_cm"": 95, ""shoulder_cm"": 39, ""sleeve_cm"": 51, ""length_cm"": 73}","{""1"": 1, ""4"": 1}",65.82,25.44,40.38,EUR,13/02/2025 08:04,completed,2,,3,13/02/2025 08:04,11,13/02/2025 08:04,TRUE
132,2,1,10,Dean Cafferky,Dean Cafferky,6th Year,A,35,male,+353 89 676 9441,"[1, 4]","{""chest_cm"": 85, ""waist_cm"": 80, ""hip_cm"": 88, ""shoulder_cm"": 36, ""sleeve_cm"": 47, ""length_cm"": 66}","{""1"": 1, ""4"": 1}",56.94,56.94,0,EUR,03/03/2025 08:04,completed,4,,4,03/03/2025 08:04,5,03/03/2025 08:04,TRUE
133,2,1,10,Diarmuid Herity,Diarmuid Herity,3rd Year,A,8,male,+353 85 944 5990,"[1, 4]","{""chest_cm"": 81, ""waist_cm"": 75, ""hip_cm"": 88, ""shoulder_cm"": 34, ""sleeve_cm"": 45, ""length_cm"": 63}","{""1"": 1, ""4"": 1}",55.28,55.28,0,EUR,25/02/2025 08:04,completed,3,,2,25/02/2025 08:04,7,25/02/2025 08:04,TRUE
134,2,1,10,Sian Manahan,Sian Manahan,3rd Year,C,37,female,+353 83 627 9234,"[3, 4]","{""chest_cm"": 87, ""waist_cm"": 79, ""hip_cm"": 89, ""shoulder_cm"": 37, ""sleeve_cm"": 48, ""length_cm"": 68}","{""3"": 1, ""4"": 1}",57.49,19.76,37.73,EUR,19/02/2025 08:04,completed,3,,3,19/02/2025 08:04,12,19/02/2025 08:04,TRUE
135,2,1,10,Damien Hallahan,Damien Hallahan,6th Year,B,2,male,+353 83 957 9355,"[1, 4]","{""chest_cm"": 92, ""waist_cm"": 83, ""hip_cm"": 100, ""shoulder_cm"": 39, ""sleeve_cm"": 51, ""length_cm"": 72}","{""1"": 1, ""4"": 1}",58.11,58.11,0,EUR,24/02/2025 08:04,completed,2,,3,24/02/2025 08:04,4,24/02/2025 08:04,TRUE
136,2,1,10,Zach Clements,Zach Clements,1st Year,A,19,male,+353 86 618 6258,"[1, 4]","{""chest_cm"": 80, ""waist_cm"": 73, ""hip_cm"": 87, ""shoulder_cm"": 34, ""sleeve_cm"": 44, ""length_cm"": 62}","{""1"": 1, ""4"": 1}",67.25,67.25,0,EUR,20/02/2025 08:04,completed,4,,2,20/02/2025 08:04,10,20/02/2025 08:04,TRUE
137,2,1,10,Oisin McKelvey,Oisin McKelvey,3rd Year,B,18,male,+353 86 495 9974,"[1, 4]","{""chest_cm"": 100, ""waist_cm"": 96, ""hip_cm"": 106, ""shoulder_cm"": 42, ""sleeve_cm"": 55, ""length_cm"": 78}","{""1"": 1, ""4"": 1}",52.58,52.58,0,EUR,25/02/2025 08:04,completed,5,,4,25/02/2025 08:04,1,25/02/2025 08:04,TRUE
138,2,1,10,Ciarrai Lang,Ciarrai Lang,4th Year,A,21,female,+353 89 341 8518,"[3, 4]","{""chest_cm"": 86, ""waist_cm"": 78, ""hip_cm"": 87, ""shoulder_cm"": 36, ""sleeve_cm"": 47, ""length_cm"": 67}","{""3"": 1, ""4"": 1}",64.65,30.77,33.88,EUR,20/02/2025 08:04,completed,5,,3,20/02/2025 08:04,3,20/02/2025 08:04,TRUE
139,2,1,10,Joanna Freeney,Joanna Freeney,3rd Year,B,12,female,+353 83 956 6406,"[3, 4]","{""chest_cm"": 90, ""waist_cm"": 81, ""hip_cm"": 96, ""shoulder_cm"": 38, ""sleeve_cm"": 50, ""length_cm"": 70}","{""3"": 1, ""4"": 1}",73.67,22.48,51.19,EUR,05/03/2025 08:04,completed,5,,3,05/03/2025 08:04,8,05/03/2025 08:04,TRUE
140,2,1,10,Caoilfhionn McCarney,Caoilfhionn McCarney,3rd Year,C,40,female,+353 85 910 1397,"[3, 4]","{""chest_cm"": 78, ""waist_cm"": 70, ""hip_cm"": 84, ""shoulder_cm"": 33, ""sleeve_cm"": 43, ""length_cm"": 61}","{""3"": 1, ""4"": 1}",55.67,55.67,0,EUR,20/02/2025 08:04,completed,2,,2,20/02/2025 08:04,7,20/02/2025 08:04,TRUE
141,2,1,10,Conall Myers,Conall Myers,6th Year,B,24,male,+353 83 529 9264,"[1, 4]","{""chest_cm"": 98, ""waist_cm"": 89, ""hip_cm"": 102, ""shoulder_cm"": 41, ""sleeve_cm"": 54, ""length_cm"": 76}","{""1"": 1, ""4"": 1}",60.58,27.7,32.88,EUR,22/02/2025 08:04,completed,3,,3,22/02/2025 08:04,2,22/02/2025 08:04,TRUE
142,2,1,10,Frazer Hoare,Frazer Hoare,3rd Year,C,33,male,+353 87 565 4314,"[1, 4]","{""chest_cm"": 83, ""waist_cm"": 77, ""hip_cm"": 85, ""shoulder_cm"": 35, ""sleeve_cm"": 46, ""length_cm"": 65}","{""1"": 1, ""4"": 1}",67.04,67.04,0,EUR,03/03/2025 08:04,completed,3,,4,03/03/2025 08:04,9,03/03/2025 08:04,TRUE
143,2,1,10,Jesse Malowney,Jesse Malowney,2nd Year,A,13,male,+353 87 617 6503,"[1, 4]","{""chest_cm"": 83, ""waist_cm"": 74, ""hip_cm"": 87, ""shoulder_cm"": 35, ""sleeve_cm"": 46, ""length_cm"": 65}","{""1"": 1, ""4"": 1}",56.41,56.41,0,EUR,28/02/2025 08:04,completed,2,,3,28/02/2025 08:04,2,28/02/2025 08:04,TRUE
144,2,1,10,Mairead O'Herlihy,Mairead O'Herlihy,2nd Year,B,19,female,+353 86 424 4624,"[3, 4]","{""chest_cm"": 87, ""waist_cm"": 82, ""hip_cm"": 89, ""shoulder_cm"": 37, ""sleeve_cm"": 48, ""length_cm"": 68}","{""3"": 1, ""4"": 1}",56.79,12.02,44.77,EUR,21/02/2025 08:04,completed,4,,3,21/02/2025 08:04,11,21/02/2025 08:04,TRUE
145,2,1,10,Sean-Paul Crahan,Sean-Paul Crahan,6th Year,B,37,male,+353 89 688 6595,"[1, 4]","{""chest_cm"": 88, ""waist_cm"": 79, ""hip_cm"": 93, ""shoulder_cm"": 37, ""sleeve_cm"": 48, ""length_cm"": 69}","{""1"": 1, ""4"": 1}",59.31,59.31,0,EUR,28/02/2025 08:04,completed,5,,4,28/02/2025 08:04,7,28/02/2025 08:04,TRUE
146,2,1,10,Darcy MacHenry,Darcy MacHenry,2nd Year,A,19,female,+353 85 489 9217,"[3, 4]","{""chest_cm"": 101, ""waist_cm"": 96, ""hip_cm"": 108, ""shoulder_cm"": 42, ""sleeve_cm"": 56, ""length_cm"": 79}","{""3"": 1, ""4"": 1}",63.47,63.47,0,EUR,02/03/2025 08:04,completed,5,,2,02/03/2025 08:04,8,02/03/2025 08:04,TRUE
147,2,1,10,Frazer Davitt,Frazer Davitt,3rd Year,A,10,male,+353 87 671 7208,"[1, 4]","{""chest_cm"": 86, ""waist_cm"": 79, ""hip_cm"": 86, ""shoulder_cm"": 36, ""sleeve_cm"": 47, ""length_cm"": 67}","{""1"": 1, ""4"": 1}",58.55,58.55,0,EUR,02/03/2025 08:04,completed,3,,3,02/03/2025 08:04,10,02/03/2025 08:04,TRUE
148,2,1,10,Ashton Mulloy,Ashton Mulloy,6th Year,C,13,female,+353 83 276 3923,"[3, 4]","{""chest_cm"": 82, ""waist_cm"": 75, ""hip_cm"": 86, ""shoulder_cm"": 34, ""sleeve_cm"": 45, ""length_cm"": 64}","{""3"": 1, ""4"": 1}",66.63,25.47,41.16,EUR,13/02/2025 08:04,completed,5,,2,13/02/2025 08:04,2,13/02/2025 08:04,TRUE
149,2,1,10,Jackson Gorey,Jackson Gorey,4th Year,C,11,male,+353 89 890 9699,"[1, 4]","{""chest_cm"": 99, ""waist_cm"": 92, ""hip_cm"": 107, ""shoulder_cm"": 42, ""sleeve_cm"": 54, ""length_cm"": 77}","{""1"": 1, ""4"": 1}",60.63,24.81,35.82,EUR,05/03/2025 08:04,completed,5,,2,05/03/2025 08:04,10,05/03/2025 08:04,TRUE
150,2,1,10,Mollie Ryan,Mollie Ryan,1st Year,B,10,female,+353 85 651 6268,"[3, 4]","{""chest_cm"": 98, ""waist_cm"": 91, ""hip_cm"": 98, ""shoulder_cm"": 41, ""sleeve_cm"": 54, ""length_cm"": 76}","{""3"": 1, ""4"": 1}",70.33,70.33,0,EUR,23/02/2025 08:04,completed,3,,3,23/02/2025 08:04,12,23/02/2025 08:04,TRUE
151,2,1,10,Emilie McTiernan,Emilie McTiernan,2nd Year,B,26,female,+353 86 669 6095,"[3, 4]","{""chest_cm"": 86, ""waist_cm"": 80, ""hip_cm"": 90, ""shoulder_cm"": 36, ""sleeve_cm"": 47, ""length_cm"": 67}","{""3"": 1, ""4"": 1}",71.64,46.97,24.67,EUR,13/02/2025 08:04,completed,2,,4,13/02/2025 08:04,12,13/02/2025 08:04,TRUE
152,2,1,10,Seanan McCracken,Seanan McCracken,3rd Year,A,35,female,+353 89 989 9653,"[3, 4]","{""chest_cm"": 104, ""waist_cm"": 95, ""hip_cm"": 111, ""shoulder_cm"": 44, ""sleeve_cm"": 57, ""length_cm"": 81}","{""3"": 1, ""4"": 1}",59.85,59.85,0,EUR,23/02/2025 08:04,completed,3,,2,23/02/2025 08:04,6,23/02/2025 08:04,TRUE
153,2,1,10,Leah Mahedy,Leah Mahedy,1st Year,C,6,female,+353 89 154 1088,"[3, 4]","{""chest_cm"": 96, ""waist_cm"": 87, ""hip_cm"": 98, ""shoulder_cm"": 40, ""sleeve_cm"": 53, ""length_cm"": 75}","{""3"": 1, ""4"": 1}",57.92,57.92,0,EUR,27/02/2025 08:04,completed,4,,2,27/02/2025 08:04,8,27/02/2025 08:04,TRUE
154,2,1,10,Brigid Monks,Brigid Monks,6th Year,B,17,female,+353 89 332 9384,"[3, 4]","{""chest_cm"": 97, ""waist_cm"": 93, ""hip_cm"": 103, ""shoulder_cm"": 41, ""sleeve_cm"": 53, ""length_cm"": 76}","{""3"": 1, ""4"": 1}",61.43,61.43,0,EUR,02/03/2025 08:04,completed,3,,3,02/03/2025 08:04,6,02/03/2025 08:04,TRUE
155,2,1,10,Charlie McGuinness,Charlie McGuinness,6th Year,C,31,male,+353 86 193 2265,"[1, 4]","{""chest_cm"": 100, ""waist_cm"": 95, ""hip_cm"": 101, ""shoulder_cm"": 42, ""sleeve_cm"": 55, ""length_cm"": 78}","{""1"": 1, ""4"": 1}",54.79,54.79,0,EUR,04/03/2025 08:04,completed,4,,2,04/03/2025 08:04,8,04/03/2025 08:04,TRUE
156,2,1,10,Tara Clifford,Tara Clifford,3rd Year,A,40,female,+353 89 938 6904,"[3, 4]","{""chest_cm"": 104, ""waist_cm"": 100, ""hip_cm"": 105, ""shoulder_cm"": 44, ""sleeve_cm"": 57, ""length_cm"": 81}","{""3"": 1, ""4"": 1}",64.67,35.31,29.36,EUR,14/02/2025 08:04,completed,5,,2,14/02/2025 08:04,9,14/02/2025 08:04,TRUE
157,2,1,10,Darren Deeny,Darren Deeny,5th Year,B,26,male,+353 86 179 2715,"[1, 4]","{""chest_cm"": 94, ""waist_cm"": 84, ""hip_cm"": 98, ""shoulder_cm"": 39, ""sleeve_cm"": 52, ""length_cm"": 73}","{""1"": 1, ""4"": 1}",61.64,61.64,0,EUR,04/03/2025 08:04,completed,5,,3,04/03/2025 08:04,12,04/03/2025 08:04,TRUE
158,2,1,10,Jody Kilgallen,Jody Kilgallen,6th Year,A,2,female,+353 86 975 9100,"[3, 4]","{""chest_cm"": 102, ""waist_cm"": 98, ""hip_cm"": 104, ""shoulder_cm"": 43, ""sleeve_cm"": 56, ""length_cm"": 80}","{""3"": 1, ""4"": 1}",64.08,64.08,0,EUR,15/02/2025 08:04,completed,4,,3,15/02/2025 08:04,7,15/02/2025 08:04,TRUE
159,2,1,10,Gabrielle Hurley,Gabrielle Hurley,5th Year,C,8,female,+353 86 248 6967,"[3, 4]","{""chest_cm"": 91, ""waist_cm"": 81, ""hip_cm"": 94, ""shoulder_cm"": 38, ""sleeve_cm"": 50, ""length_cm"": 71}","{""3"": 1, ""4"": 1}",64.87,64.87,0,EUR,03/03/2025 08:04,completed,4,,2,03/03/2025 08:04,7,03/03/2025 08:04,TRUE
160,2,1,10,Sheree Gallagher,Sheree Gallagher,1st Year,A,13,female,+353 89 185 7511,"[3, 4]","{""chest_cm"": 101, ""waist_cm"": 93, ""hip_cm"": 102, ""shoulder_cm"": 42, ""sleeve_cm"": 56, ""length_cm"": 79}","{""3"": 1, ""4"": 1}",59.51,35.41,24.1,EUR,23/02/2025 08:04,completed,4,,2,23/02/2025 08:04,5,23/02/2025 08:04,TRUE
161,2,1,10,Jaime Quinney,Jaime Quinney,5th Year,B,37,male,+353 89 520 4775,"[1, 4]","{""chest_cm"": 90, ""waist_cm"": 81, ""hip_cm"": 90, ""shoulder_cm"": 38, ""sleeve_cm"": 50, ""length_cm"": 70}","{""1"": 1, ""4"": 1}",68.64,21.23,47.41,EUR,01/03/2025 08:04,completed,2,,3,01/03/2025 08:04,5,01/03/2025 08:04,TRUE
162,2,1,10,Suzanne McAleer,Suzanne McAleer,4th Year,B,38,female,+353 87 196 5769,"[3, 4]","{""chest_cm"": 86, ""waist_cm"": 79, ""hip_cm"": 92, ""shoulder_cm"": 36, ""sleeve_cm"": 47, ""length_cm"": 67}","{""3"": 1, ""4"": 1}",74.21,74.21,0,EUR,02/03/2025 08:04,completed,4,,4,02/03/2025 08:04,3,02/03/2025 08:04,TRUE
163,2,1,10,Zac Drohan,Zac Drohan,2nd Year,A,38,male,+353 87 641 5825,"[1, 4]","{""chest_cm"": 94, ""waist_cm"": 90, ""hip_cm"": 99, ""shoulder_cm"": 39, ""sleeve_cm"": 52, ""length_cm"": 73}","{""1"": 1, ""4"": 1}",61.19,61.19,0,EUR,24/02/2025 08:04,completed,3,,4,24/02/2025 08:04,7,24/02/2025 08:04,TRUE
164,2,1,10,Jake O'Beirn,Jake O'Beirn,2nd Year,A,17,male,+353 86 161 3440,"[1, 4]","{""chest_cm"": 97, ""waist_cm"": 88, ""hip_cm"": 104, ""shoulder_cm"": 41, ""sleeve_cm"": 53, ""length_cm"": 76}","{""1"": 1, ""4"": 1}",66.08,66.08,0,EUR,21/02/2025 08:04,completed,5,,2,21/02/2025 08:04,8,21/02/2025 08:04,TRUE
165,2,1,10,Dearbhaile O'Devenny,Dearbhaile O'Devenny,2nd Year,C,26,female,+353 85 684 1548,"[3, 4]","{""chest_cm"": 79, ""waist_cm"": 70, ""hip_cm"": 81, ""shoulder_cm"": 33, ""sleeve_cm"": 43, ""length_cm"": 62}","{""3"": 1, ""4"": 1}",65.35,65.35,0,EUR,15/02/2025 08:04,completed,2,,4,15/02/2025 08:04,3,15/02/2025 08:04,TRUE
166,2,1,10,Dawn Rock,Dawn Rock,4th Year,B,21,female,+353 85 967 9526,"[3, 4]","{""chest_cm"": 99, ""waist_cm"": 91, ""hip_cm"": 99, ""shoulder_cm"": 42, ""sleeve_cm"": 54, ""length_cm"": 77}","{""3"": 1, ""4"": 1}",65.07,65.07,0,EUR,20/02/2025 08:04,completed,4,,3,20/02/2025 08:04,10,20/02/2025 08:04,TRUE
167,2,1,10,Jana Beggan,Jana Beggan,6th Year,B,39,female,+353 87 288 4939,"[3, 4]","{""chest_cm"": 97, ""waist_cm"": 92, ""hip_cm"": 102, ""shoulder_cm"": 41, ""sleeve_cm"": 53, ""length_cm"": 76}","{""3"": 1, ""4"": 1}",64.62,64.62,0,EUR,26/02/2025 08:04,completed,3,,3,26/02/2025 08:04,5,26/02/2025 08:04,TRUE
168,2,1,10,Shay Cassen,Shay Cassen,4th Year,B,23,male,+353 89 397 8397,"[1, 4]","{""chest_cm"": 91, ""waist_cm"": 84, ""hip_cm"": 97, ""shoulder_cm"": 38, ""sleeve_cm"": 50, ""length_cm"": 71}","{""1"": 1, ""4"": 1}",68.87,14.71,54.16,EUR,14/02/2025 08:04,completed,4,,3,14/02/2025 08:04,12,14/02/2025 08:04,TRUE
169,2,1,10,Bailie Cahir,Bailie Cahir,1st Year,C,37,male,+353 86 298 9133,"[1, 4]","{""chest_cm"": 95, ""waist_cm"": 88, ""hip_cm"": 102, ""shoulder_cm"": 40, ""sleeve_cm"": 52, ""length_cm"": 74}","{""1"": 1, ""4"": 1}",66.72,26.81,39.91,EUR,03/03/2025 08:04,completed,5,,2,03/03/2025 08:04,3,03/03/2025 08:04,TRUE
170,2,1,10,Tiegan Callanan,Tiegan Callanan,5th Year,B,36,female,+353 87 410 2521,"[3, 4]","{""chest_cm"": 104, ""waist_cm"": 100, ""hip_cm"": 107, ""shoulder_cm"": 44, ""sleeve_cm"": 57, ""length_cm"": 81}","{""3"": 1, ""4"": 1}",67.54,18.07,49.47,EUR,18/02/2025 08:04,completed,5,,3,18/02/2025 08:04,4,18/02/2025 08:04,TRUE
171,2,1,10,Shanna Mullarkey,Shanna Mullarkey,3rd Year,A,8,female,+353 86 416 5536,"[3, 4]","{""chest_cm"": 91, ""waist_cm"": 85, ""hip_cm"": 96, ""shoulder_cm"": 38, ""sleeve_cm"": 50, ""length_cm"": 71}","{""3"": 1, ""4"": 1}",61.96,61.96,0,EUR,21/02/2025 08:04,completed,4,,3,21/02/2025 08:04,3,21/02/2025 08:04,TRUE
172,2,1,10,Faith Largey,Faith Largey,3rd Year,B,9,female,+353 83 313 2996,"[3, 4]","{""chest_cm"": 91, ""waist_cm"": 81, ""hip_cm"": 92, ""shoulder_cm"": 38, ""sleeve_cm"": 50, ""length_cm"": 71}","{""3"": 1, ""4"": 1}",66.13,66.13,0,EUR,01/03/2025 08:04,completed,3,,4,01/03/2025 08:04,11,01/03/2025 08:04,TRUE
173,14,2,38,Samantha Leddin,Samantha Leddin,1st Year,B,18,female,+353 87 744 4990,"[2, 5, 10, 11]","{""chest_cm"": 95, ""waist_cm"": 87, ""hip_cm"": 98, ""shoulder_cm"": 40, ""sleeve_cm"": 52, ""length_cm"": 74}","{""2"": 1, ""5"": 2, ""10"": 1, ""11"": 1}",118.03,79.62,38.41,EUR,29/05/2026 10:04,pending,3,,2,29/05/2026 10:04,5,29/05/2026 10:04,TRUE
174,14,2,38,Connie Lang,Connie Lang,1st Year,C,22,female,+353 86 420 4448,"[2, 5, 10, 11]","{""chest_cm"": 88, ""waist_cm"": 82, ""hip_cm"": 89, ""shoulder_cm"": 37, ""sleeve_cm"": 48, ""length_cm"": 69}","{""2"": 1, ""5"": 2, ""10"": 1, ""11"": 1}",118.39,118.39,0,EUR,10/06/2026 10:04,completed,4,,2,10/06/2026 10:04,1,10/06/2026 10:04,TRUE
175,14,2,38,Marie-Claire Breheny,Marie-Claire Breheny,4th Year,A,21,female,+353 83 739 7872,"[2, 5, 10, 11]","{""chest_cm"": 80, ""waist_cm"": 70, ""hip_cm"": 84, ""shoulder_cm"": 34, ""sleeve_cm"": 44, ""length_cm"": 62}","{""2"": 1, ""5"": 2, ""10"": 1, ""11"": 1}",113.81,113.81,0,EUR,10/06/2026 10:04,completed,2,,4,10/06/2026 10:04,10,10/06/2026 10:04,TRUE
176,14,2,38,Morgan Dargan,Morgan Dargan,5th Year,B,10,female,+353 85 932 3361,"[2, 5, 10, 11]","{""chest_cm"": 85, ""waist_cm"": 75, ""hip_cm"": 89, ""shoulder_cm"": 36, ""sleeve_cm"": 47, ""length_cm"": 66}","{""2"": 1, ""5"": 2, ""10"": 1, ""11"": 1}",113.89,74.46,39.43,EUR,18/06/2026 10:04,completed,3,,4,18/06/2026 10:04,1,18/06/2026 10:04,TRUE
177,14,2,38,Jordon Mescall,Jordon Mescall,2nd Year,A,25,male,+353 85 278 1826,"[1, 5, 10, 11]","{""chest_cm"": 83, ""waist_cm"": 74, ""hip_cm"": 90, ""shoulder_cm"": 35, ""sleeve_cm"": 46, ""length_cm"": 65}","{""1"": 1, ""5"": 2, ""10"": 1, ""11"": 1}",105.41,65.97,39.44,EUR,08/06/2026 10:04,completed,2,,4,08/06/2026 10:04,11,08/06/2026 10:04,TRUE
178,14,2,38,Callum O'Beirn,Callum O'Beirn,5th Year,C,18,male,+353 89 190 2096,"[1, 5, 10, 11]","{""chest_cm"": 84, ""waist_cm"": 78, ""hip_cm"": 92, ""shoulder_cm"": 35, ""sleeve_cm"": 46, ""length_cm"": 66}","{""1"": 1, ""5"": 2, ""10"": 1, ""11"": 1}",120.81,31.22,89.59,EUR,12/06/2026 10:04,pending,2,,2,12/06/2026 10:04,9,12/06/2026 10:04,TRUE
179,14,2,38,Ashley Connellan,Ashley Connellan,3rd Year,C,16,male,+353 83 936 8742,"[1, 5, 10, 11]","{""chest_cm"": 85, ""waist_cm"": 80, ""hip_cm"": 88, ""shoulder_cm"": 36, ""sleeve_cm"": 47, ""length_cm"": 66}","{""1"": 1, ""5"": 2, ""10"": 1, ""11"": 1}",110.04,110.04,0,EUR,09/06/2026 10:04,completed,5,,2,09/06/2026 10:04,4,09/06/2026 10:04,TRUE
180,14,2,38,Ashlene Conry,Ashlene Conry,4th Year,B,1,female,+353 85 818 3576,"[2, 5, 10, 11]","{""chest_cm"": 92, ""waist_cm"": 84, ""hip_cm"": 95, ""shoulder_cm"": 39, ""sleeve_cm"": 51, ""length_cm"": 72}","{""2"": 1, ""5"": 2, ""10"": 1, ""11"": 1}",114.15,114.15,0,EUR,09/06/2026 10:04,completed,5,,3,09/06/2026 10:04,7,09/06/2026 10:04,TRUE
181,14,2,38,Jill Comerford,Jill Comerford,6th Year,C,32,female,+353 85 985 1510,"[2, 5, 10, 11]","{""chest_cm"": 88, ""waist_cm"": 80, ""hip_cm"": 89, ""shoulder_cm"": 37, ""sleeve_cm"": 48, ""length_cm"": 69}","{""2"": 1, ""5"": 2, ""10"": 1, ""11"": 1}",104.69,104.69,0,EUR,01/06/2026 10:04,completed,4,,2,01/06/2026 10:04,2,01/06/2026 10:04,TRUE
182,14,2,38,Richard McCall,Richard McCall,3rd Year,C,40,male,+353 87 762 8923,"[1, 5, 10, 11]","{""chest_cm"": 95, ""waist_cm"": 91, ""hip_cm"": 98, ""shoulder_cm"": 40, ""sleeve_cm"": 52, ""length_cm"": 74}","{""1"": 1, ""5"": 2, ""10"": 1, ""11"": 1}",114.28,66.2,48.08,EUR,01/06/2026 10:04,pending,3,,3,01/06/2026 10:04,12,01/06/2026 10:04,TRUE
183,14,2,38,Jacqueline Mann,Jacqueline Mann,6th Year,C,40,female,+353 83 283 6488,"[2, 5, 10, 11]","{""chest_cm"": 104, ""waist_cm"": 97, ""hip_cm"": 106, ""shoulder_cm"": 44, ""sleeve_cm"": 57, ""length_cm"": 81}","{""2"": 1, ""5"": 2, ""10"": 1, ""11"": 1}",103.45,103.45,0,EUR,30/05/2026 10:04,pending,3,,4,30/05/2026 10:04,3,30/05/2026 10:04,TRUE
184,14,2,38,Wayne McBrien,Wayne McBrien,4th Year,C,6,male,+353 86 153 7153,"[1, 5, 10, 11]","{""chest_cm"": 102, ""waist_cm"": 92, ""hip_cm"": 109, ""shoulder_cm"": 43, ""sleeve_cm"": 56, ""length_cm"": 80}","{""1"": 1, ""5"": 2, ""10"": 1, ""11"": 1}",110.07,25.01,85.06,EUR,14/06/2026 10:04,completed,4,,3,14/06/2026 10:04,7,14/06/2026 10:04,TRUE
185,14,2,38,Gabriel Murae,Gabriel Murae,2nd Year,A,32,male,+353 85 932 3727,"[1, 5, 10, 11]","{""chest_cm"": 84, ""waist_cm"": 78, ""hip_cm"": 87, ""shoulder_cm"": 35, ""sleeve_cm"": 46, ""length_cm"": 66}","{""1"": 1, ""5"": 2, ""10"": 1, ""11"": 1}",102.63,27.46,75.17,EUR,11/06/2026 10:04,completed,4,,4,11/06/2026 10:04,12,11/06/2026 10:04,TRUE
186,14,2,38,Jennifer Vaughan,Jennifer Vaughan,3rd Year,B,1,female,+353 86 483 5052,"[2, 5, 10, 11]","{""chest_cm"": 80, ""waist_cm"": 74, ""hip_cm"": 83, ""shoulder_cm"": 34, ""sleeve_cm"": 44, ""length_cm"": 62}","{""2"": 1, ""5"": 2, ""10"": 1, ""11"": 1}",119.15,119.15,0,EUR,09/06/2026 10:04,pending,2,,2,09/06/2026 10:04,2,09/06/2026 10:04,TRUE
187,14,2,38,Cianan McCrea,Cianan McCrea,4th Year,A,25,male,+353 87 340 2409,"[1, 5, 10, 11]","{""chest_cm"": 89, ""waist_cm"": 80, ""hip_cm"": 96, ""shoulder_cm"": 37, ""sleeve_cm"": 49, ""length_cm"": 69}","{""1"": 1, ""5"": 2, ""10"": 1, ""11"": 1}",110.47,110.47,0,EUR,29/05/2026 10:04,pending,5,,2,29/05/2026 10:04,1,29/05/2026 10:04,TRUE
188,14,2,38,Toby O'Brennan,Toby O'Brennan,4th Year,A,27,male,+353 87 853 9794,"[1, 5, 10, 11]","{""chest_cm"": 101, ""waist_cm"": 92, ""hip_cm"": 107, ""shoulder_cm"": 42, ""sleeve_cm"": 56, ""length_cm"": 79}","{""1"": 1, ""5"": 2, ""10"": 1, ""11"": 1}",103.53,37.63,65.9,EUR,04/06/2026 10:04,completed,3,,3,04/06/2026 10:04,8,04/06/2026 10:04,TRUE
189,14,2,38,Eloise Cuffe,Eloise Cuffe,1st Year,A,17,female,+353 87 268 4725,"[2, 5, 10, 11]","{""chest_cm"": 80, ""waist_cm"": 70, ""hip_cm"": 85, ""shoulder_cm"": 34, ""sleeve_cm"": 44, ""length_cm"": 62}","{""2"": 1, ""5"": 2, ""10"": 1, ""11"": 1}",107.8,107.8,0,EUR,01/06/2026 10:04,completed,5,,3,01/06/2026 10:04,5,01/06/2026 10:04,TRUE
190,14,2,38,Orlaigh Liddane,Orlaigh Liddane,6th Year,B,7,female,+353 83 304 8853,"[2, 5, 10, 11]","{""chest_cm"": 94, ""waist_cm"": 85, ""hip_cm"": 96, ""shoulder_cm"": 39, ""sleeve_cm"": 52, ""length_cm"": 73}","{""2"": 1, ""5"": 2, ""10"": 1, ""11"": 1}",96.26,49.49,46.77,EUR,02/06/2026 10:04,completed,5,,2,02/06/2026 10:04,6,02/06/2026 10:04,TRUE
191,14,2,38,Graeme Treacy,Graeme Treacy,1st Year,A,7,male,+353 89 525 1341,"[1, 5, 10, 11]","{""chest_cm"": 100, ""waist_cm"": 90, ""hip_cm"": 108, ""shoulder_cm"": 42, ""sleeve_cm"": 55, ""length_cm"": 78}","{""1"": 1, ""5"": 2, ""10"": 1, ""11"": 1}",106.32,106.32,0,EUR,08/06/2026 10:04,pending,4,,2,08/06/2026 10:04,8,08/06/2026 10:04,TRUE
192,14,2,38,Antoin Feighery,Antoin Feighery,1st Year,B,10,male,+353 85 657 7650,"[1, 5, 10, 11]","{""chest_cm"": 102, ""waist_cm"": 94, ""hip_cm"": 105, ""shoulder_cm"": 43, ""sleeve_cm"": 56, ""length_cm"": 80}","{""1"": 1, ""5"": 2, ""10"": 1, ""11"": 1}",115.4,115.4,0,EUR,17/06/2026 10:04,completed,4,,3,17/06/2026 10:04,5,17/06/2026 10:04,TRUE
193,14,2,38,Kirby O'Sullivan,Kirby O'Sullivan,4th Year,C,13,female,+353 89 290 7913,"[2, 5, 10, 11]","{""chest_cm"": 94, ""waist_cm"": 87, ""hip_cm"": 94, ""shoulder_cm"": 39, ""sleeve_cm"": 52, ""length_cm"": 73}","{""2"": 1, ""5"": 2, ""10"": 1, ""11"": 1}",104.85,30.56,74.29,EUR,09/06/2026 10:04,pending,5,,2,09/06/2026 10:04,12,09/06/2026 10:04,TRUE
194,14,2,38,Jenny O'Driscoll,Jenny O'Driscoll,1st Year,B,2,female,+353 86 856 3585,"[2, 5, 10, 11]","{""chest_cm"": 99, ""waist_cm"": 91, ""hip_cm"": 100, ""shoulder_cm"": 42, ""sleeve_cm"": 54, ""length_cm"": 77}","{""2"": 1, ""5"": 2, ""10"": 1, ""11"": 1}",107.32,107.32,0,EUR,11/06/2026 10:04,pending,4,,3,11/06/2026 10:04,4,11/06/2026 10:04,TRUE
195,14,2,38,Antoinette Fennelly,Antoinette Fennelly,1st Year,A,7,female,+353 87 696 2584,"[2, 5, 10, 11]","{""chest_cm"": 92, ""waist_cm"": 88, ""hip_cm"": 94, ""shoulder_cm"": 39, ""sleeve_cm"": 51, ""length_cm"": 72}","{""2"": 1, ""5"": 2, ""10"": 1, ""11"": 1}",111.32,63.7,47.62,EUR,01/06/2026 10:04,completed,2,,4,01/06/2026 10:04,6,01/06/2026 10:04,TRUE
196,14,2,38,Gemma McGill,Gemma McGill,4th Year,A,5,female,+353 86 956 2716,"[2, 5, 10, 11]","{""chest_cm"": 103, ""waist_cm"": 93, ""hip_cm"": 105, ""shoulder_cm"": 43, ""sleeve_cm"": 57, ""length_cm"": 80}","{""2"": 1, ""5"": 2, ""10"": 1, ""11"": 1}",111.49,37.91,73.58,EUR,31/05/2026 10:04,completed,3,,2,31/05/2026 10:04,7,31/05/2026 10:04,TRUE
197,14,2,38,Duncan Deegadan,Duncan Deegadan,4th Year,B,24,male,+353 86 957 6455,"[1, 5, 10, 11]","{""chest_cm"": 92, ""waist_cm"": 88, ""hip_cm"": 98, ""shoulder_cm"": 39, ""sleeve_cm"": 51, ""length_cm"": 72}","{""1"": 1, ""5"": 2, ""10"": 1, ""11"": 1}",121.35,121.35,0,EUR,19/06/2026 10:04,pending,4,,3,19/06/2026 10:04,4,19/06/2026 10:04,TRUE
198,14,2,38,Piaras Hamilton,Piaras Hamilton,5th Year,B,3,male,+353 83 333 6709,"[1, 5, 10, 11]","{""chest_cm"": 88, ""waist_cm"": 84, ""hip_cm"": 91, ""shoulder_cm"": 37, ""sleeve_cm"": 48, ""length_cm"": 69}","{""1"": 1, ""5"": 2, ""10"": 1, ""11"": 1}",110.45,110.45,0,EUR,01/06/2026 10:04,pending,4,,3,01/06/2026 10:04,7,01/06/2026 10:04,TRUE
199,14,2,38,Eunan MacBreen,Eunan MacBreen,4th Year,B,7,male,+353 87 840 4605,"[1, 5, 10, 11]","{""chest_cm"": 94, ""waist_cm"": 88, ""hip_cm"": 99, ""shoulder_cm"": 39, ""sleeve_cm"": 52, ""length_cm"": 73}","{""1"": 1, ""5"": 2, ""10"": 1, ""11"": 1}",108.41,108.41,0,EUR,01/06/2026 10:04,completed,5,,4,01/06/2026 10:04,7,01/06/2026 10:04,TRUE
200,14,2,38,Tom Currie,Tom Currie,6th Year,A,19,male,+353 87 388 8398,"[1, 5, 10, 11]","{""chest_cm"": 79, ""waist_cm"": 73, ""hip_cm"": 85, ""shoulder_cm"": 33, ""sleeve_cm"": 43, ""length_cm"": 62}","{""1"": 1, ""5"": 2, ""10"": 1, ""11"": 1}",114.97,60.88,54.09,EUR,11/06/2026 10:04,completed,4,,3,11/06/2026 10:04,9,11/06/2026 10:04,TRUE
201,14,2,38,Russell Kinnane,Russell Kinnane,5th Year,A,28,male,+353 89 251 6669,"[1, 5, 10, 11]","{""chest_cm"": 83, ""waist_cm"": 78, ""hip_cm"": 88, ""shoulder_cm"": 35, ""sleeve_cm"": 46, ""length_cm"": 65}","{""1"": 1, ""5"": 2, ""10"": 1, ""11"": 1}",115.04,115.04,0,EUR,30/05/2026 10:04,pending,4,,4,30/05/2026 10:04,4,30/05/2026 10:04,TRUE
202,14,2,38,Daniel McMahon,Daniel McMahon,5th Year,B,22,male,+353 85 186 3721,"[1, 5, 10, 11]","{""chest_cm"": 89, ""waist_cm"": 80, ""hip_cm"": 96, ""shoulder_cm"": 37, ""sleeve_cm"": 49, ""length_cm"": 69}","{""1"": 1, ""5"": 2, ""10"": 1, ""11"": 1}",105.98,48.81,57.17,EUR,03/06/2026 10:04,pending,3,,3,03/06/2026 10:04,7,03/06/2026 10:04,TRUE
203,14,2,38,Lois Kinnear,Lois Kinnear,3rd Year,B,20,female,+353 83 374 9247,"[2, 5, 10, 11]","{""chest_cm"": 103, ""waist_cm"": 97, ""hip_cm"": 110, ""shoulder_cm"": 43, ""sleeve_cm"": 57, ""length_cm"": 80}","{""2"": 1, ""5"": 2, ""10"": 1, ""11"": 1}",108.34,41.39,66.95,EUR,06/06/2026 10:04,completed,3,,4,06/06/2026 10:04,12,06/06/2026 10:04,TRUE
204,14,2,38,Caitriona Delaney,Caitriona Delaney,3rd Year,A,6,female,+353 83 946 7570,"[2, 5, 10, 11]","{""chest_cm"": 94, ""waist_cm"": 85, ""hip_cm"": 97, ""shoulder_cm"": 39, ""sleeve_cm"": 52, ""length_cm"": 73}","{""2"": 1, ""5"": 2, ""10"": 1, ""11"": 1}",98.74,41.72,57.02,EUR,01/06/2026 10:04,pending,4,,3,01/06/2026 10:04,9,01/06/2026 10:04,TRUE
205,14,2,38,Leanne Clare,Leanne Clare,2nd Year,C,26,female,+353 87 956 4413,"[2, 5, 10, 11]","{""chest_cm"": 102, ""waist_cm"": 96, ""hip_cm"": 104, ""shoulder_cm"": 43, ""sleeve_cm"": 56, ""length_cm"": 80}","{""2"": 1, ""5"": 2, ""10"": 1, ""11"": 1}",110.78,110.78,0,EUR,31/05/2026 10:04,pending,4,,2,31/05/2026 10:04,4,31/05/2026 10:04,TRUE
206,14,2,38,Roseanna Kenlon,Roseanna Kenlon,1st Year,B,1,female,+353 89 208 2486,"[2, 5, 10, 11]","{""chest_cm"": 79, ""waist_cm"": 74, ""hip_cm"": 80, ""shoulder_cm"": 33, ""sleeve_cm"": 43, ""length_cm"": 62}","{""2"": 1, ""5"": 2, ""10"": 1, ""11"": 1}",104,104,0,EUR,18/06/2026 10:04,pending,2,,2,18/06/2026 10:04,12,18/06/2026 10:04,TRUE
207,14,2,38,Bryony Frances,Bryony Frances,2nd Year,A,30,female,+353 87 801 7479,"[2, 5, 10, 11]","{""chest_cm"": 96, ""waist_cm"": 86, ""hip_cm"": 102, ""shoulder_cm"": 40, ""sleeve_cm"": 53, ""length_cm"": 75}","{""2"": 1, ""5"": 2, ""10"": 1, ""11"": 1}",111.31,111.31,0,EUR,16/06/2026 10:04,pending,2,,2,16/06/2026 10:04,5,16/06/2026 10:04,TRUE
208,14,2,38,Lucinda McCrory,Lucinda McCrory,6th Year,A,35,female,+353 89 886 4009,"[2, 5, 10, 11]","{""chest_cm"": 82, ""waist_cm"": 74, ""hip_cm"": 89, ""shoulder_cm"": 34, ""sleeve_cm"": 45, ""length_cm"": 64}","{""2"": 1, ""5"": 2, ""10"": 1, ""11"": 1}",112.3,22.74,89.56,EUR,19/06/2026 10:04,completed,3,,2,19/06/2026 10:04,2,19/06/2026 10:04,TRUE
209,14,2,38,Mia Cloonan,Mia Cloonan,1st Year,C,9,female,+353 89 887 8715,"[2, 5, 10, 11]","{""chest_cm"": 87, ""waist_cm"": 79, ""hip_cm"": 91, ""shoulder_cm"": 37, ""sleeve_cm"": 48, ""length_cm"": 68}","{""2"": 1, ""5"": 2, ""10"": 1, ""11"": 1}",114.9,114.9,0,EUR,19/06/2026 10:04,completed,2,,2,19/06/2026 10:04,3,19/06/2026 10:04,TRUE
210,14,2,38,Jordan Flanagan,Jordan Flanagan,2nd Year,C,3,female,+353 86 389 6474,"[2, 5, 10, 11]","{""chest_cm"": 87, ""waist_cm"": 77, ""hip_cm"": 88, ""shoulder_cm"": 37, ""sleeve_cm"": 48, ""length_cm"": 68}","{""2"": 1, ""5"": 2, ""10"": 1, ""11"": 1}",118.85,118.85,0,EUR,02/06/2026 10:04,pending,2,,4,02/06/2026 10:04,4,02/06/2026 10:04,TRUE
211,14,2,38,Laura Cuffe,Laura Cuffe,1st Year,A,20,female,+353 83 622 1660,"[2, 5, 10, 11]","{""chest_cm"": 89, ""waist_cm"": 83, ""hip_cm"": 92, ""shoulder_cm"": 37, ""sleeve_cm"": 49, ""length_cm"": 69}","{""2"": 1, ""5"": 2, ""10"": 1, ""11"": 1}",111.69,111.69,0,EUR,10/06/2026 10:04,pending,4,,4,10/06/2026 10:04,7,10/06/2026 10:04,TRUE
212,14,2,38,Peadar Tutty,Peadar Tutty,6th Year,B,2,male,+353 85 885 2656,"[1, 5, 10, 11]","{""chest_cm"": 97, ""waist_cm"": 92, ""hip_cm"": 100, ""shoulder_cm"": 41, ""sleeve_cm"": 53, ""length_cm"": 76}","{""1"": 1, ""5"": 2, ""10"": 1, ""11"": 1}",98.33,98.33,0,EUR,02/06/2026 10:04,completed,4,,2,02/06/2026 10:04,8,02/06/2026 10:04,TRUE
213,14,2,38,Erika Giblin,Erika Giblin,6th Year,B,6,female,+353 83 461 6595,"[2, 5, 10, 11]","{""chest_cm"": 86, ""waist_cm"": 81, ""hip_cm"": 87, ""shoulder_cm"": 36, ""sleeve_cm"": 47, ""length_cm"": 67}","{""2"": 1, ""5"": 2, ""10"": 1, ""11"": 1}",108.98,23.04,85.94,EUR,16/06/2026 10:04,completed,2,,2,16/06/2026 10:04,4,16/06/2026 10:04,TRUE
214,14,2,38,Cahal Caulfield,Cahal Caulfield,3rd Year,A,37,male,+353 85 411 3678,"[1, 5, 10, 11]","{""chest_cm"": 79, ""waist_cm"": 75, ""hip_cm"": 80, ""shoulder_cm"": 33, ""sleeve_cm"": 43, ""length_cm"": 62}","{""1"": 1, ""5"": 2, ""10"": 1, ""11"": 1}",118.54,118.54,0,EUR,01/06/2026 10:04,pending,2,,2,01/06/2026 10:04,5,01/06/2026 10:04,TRUE
215,14,2,38,Jamie Kinnegan,Jamie Kinnegan,3rd Year,A,7,male,+353 86 267 8967,"[1, 5, 10, 11]","{""chest_cm"": 88, ""waist_cm"": 82, ""hip_cm"": 95, ""shoulder_cm"": 37, ""sleeve_cm"": 48, ""length_cm"": 69}","{""1"": 1, ""5"": 2, ""10"": 1, ""11"": 1}",117.34,50.56,66.78,EUR,18/06/2026 10:04,pending,4,,3,18/06/2026 10:04,3,18/06/2026 10:04,TRUE
216,14,2,38,Clark Glavin,Clark Glavin,2nd Year,C,25,male,+353 87 893 9253,"[1, 5, 10, 11]","{""chest_cm"": 91, ""waist_cm"": 85, ""hip_cm"": 96, ""shoulder_cm"": 38, ""sleeve_cm"": 50, ""length_cm"": 71}","{""1"": 1, ""5"": 2, ""10"": 1, ""11"": 1}",121.75,121.75,0,EUR,28/05/2026 10:04,pending,2,,4,28/05/2026 10:04,11,28/05/2026 10:04,TRUE
217,14,2,38,Darren MacAdoo,Darren MacAdoo,3rd Year,A,14,male,+353 83 660 5282,"[1, 5, 10, 11]","{""chest_cm"": 78, ""waist_cm"": 70, ""hip_cm"": 83, ""shoulder_cm"": 33, ""sleeve_cm"": 43, ""length_cm"": 61}","{""1"": 1, ""5"": 2, ""10"": 1, ""11"": 1}",115.55,43.07,72.48,EUR,07/06/2026 10:04,pending,5,,4,07/06/2026 10:04,8,07/06/2026 10:04,TRUE
218,14,2,38,Darragh Donaldson,Darragh Donaldson,5th Year,A,11,female,+353 87 622 1000,"[2, 5, 10, 11]","{""chest_cm"": 87, ""waist_cm"": 81, ""hip_cm"": 95, ""shoulder_cm"": 37, ""sleeve_cm"": 48, ""length_cm"": 68}","{""2"": 1, ""5"": 2, ""10"": 1, ""11"": 1}",110.97,110.97,0,EUR,12/06/2026 10:04,completed,3,,3,12/06/2026 10:04,2,12/06/2026 10:04,TRUE
219,14,2,38,Bryony Annsboro,Bryony Annsboro,6th Year,C,33,female,+353 87 235 7627,"[2, 5, 10, 11]","{""chest_cm"": 88, ""waist_cm"": 79, ""hip_cm"": 92, ""shoulder_cm"": 37, ""sleeve_cm"": 48, ""length_cm"": 69}","{""2"": 1, ""5"": 2, ""10"": 1, ""11"": 1}",100.44,100.44,0,EUR,01/06/2026 10:04,pending,5,,3,01/06/2026 10:04,6,01/06/2026 10:04,TRUE
220,14,2,38,Louis Folan,Louis Folan,5th Year,B,25,male,+353 89 409 4706,"[1, 5, 10, 11]","{""chest_cm"": 102, ""waist_cm"": 96, ""hip_cm"": 106, ""shoulder_cm"": 43, ""sleeve_cm"": 56, ""length_cm"": 80}","{""1"": 1, ""5"": 2, ""10"": 1, ""11"": 1}",112.76,112.76,0,EUR,09/06/2026 10:04,completed,5,,4,09/06/2026 10:04,4,09/06/2026 10:04,TRUE
221,14,2,38,Nadine Conboy,Nadine Conboy,3rd Year,A,14,female,+353 87 648 1703,"[2, 5, 10, 11]","{""chest_cm"": 92, ""waist_cm"": 86, ""hip_cm"": 97, ""shoulder_cm"": 39, ""sleeve_cm"": 51, ""length_cm"": 72}","{""2"": 1, ""5"": 2, ""10"": 1, ""11"": 1}",96.42,96.42,0,EUR,04/06/2026 10:04,completed,2,,3,04/06/2026 10:04,12,04/06/2026 10:04,TRUE
222,14,2,38,Ross Costello,Ross Costello,4th Year,B,28,male,+353 83 181 5415,"[1, 5, 10, 11]","{""chest_cm"": 102, ""waist_cm"": 94, ""hip_cm"": 103, ""shoulder_cm"": 43, ""sleeve_cm"": 56, ""length_cm"": 80}","{""1"": 1, ""5"": 2, ""10"": 1, ""11"": 1}",121.96,27.97,93.99,EUR,04/06/2026 10:04,completed,4,,2,04/06/2026 10:04,5,04/06/2026 10:04,TRUE
223,14,2,38,Tara Curry,Tara Curry,6th Year,C,15,female,+353 87 411 8841,"[2, 5, 10, 11]","{""chest_cm"": 89, ""waist_cm"": 81, ""hip_cm"": 93, ""shoulder_cm"": 37, ""sleeve_cm"": 49, ""length_cm"": 69}","{""2"": 1, ""5"": 2, ""10"": 1, ""11"": 1}",104.8,46,58.8,EUR,08/06/2026 10:04,completed,2,,4,08/06/2026 10:04,5,08/06/2026 10:04,TRUE
