from_table,from_column,to_table,to_column
employees,created_by,users,id
employees,updated_by,users,id
lead_sources,created_by,users,id
lead_sources,updated_by,users,id
lead_statuses,created_by,users,id
lead_statuses,updated_by,users,id
customer_master,created_by,users,id
customer_master,updated_by,users,id
leads_master,assigned_to,users,id
leads_master,created_by,users,id
leads_master,lead_source_id,lead_sources,id
leads_master,lead_status_id,lead_statuses,id
leads_master,updated_by,users,id
leads_master,customer_id,customer_master,id
garment_types,created_by,users,id
garment_types,updated_by,users,id
order_master,lead_id,leads_master,id
order_master,customer_id,customer_master,id
order_master,created_by,users,id
order_master,updated_by,users,id
order_master,assigned_to,users,id
measurements,lead_id,leads_master,id
measurements,order_id,order_master,id
measurements,school_id,customer_master,id
measurements,taken_by,users,id
measurements,created_by,users,id
measurements,updated_by,users,id
order_invoices,order_id,order_master,id
order_invoices,created_by,users,id
order_invoices,updated_by,users,id
order_payments,order_id,order_master,id
order_payments,recorded_by,users,id
purchase_orders,vendor_id,vendors,id
purchase_orders,created_by,users,id
purchase_orders,order_id,order_master,id
purchase_order_items,purchase_order_id,purchase_orders,id
purchase_order_items,fabric_type_id,fabric_types,id
purchase_order_items,order_id,order_master,id
purchase_order_items,clothing_type_id,garment_types,id
purchase_order_items,created_by,users,id
fabric_purchases,vendor_id,vendors,id
fabric_purchases,fabric_type_id,fabric_types,id
fabric_purchases,created_by,users,id
fabric_lots,purchase_id,fabric_purchases,id
fabric_lots,fabric_type_id,fabric_types,id
cutting_groups,order_id,order_master,order_id
cutting_groups,garment_type_id,garment_types,id
cutting_groups,created_by,users,id
cutting_log,order_id,order_master,id
cutting_log,clothing_type_id,garment_types,id
cutting_log,fabric_lot_id,fabric_lots,id
cutting_log,cut_by,employees,id
cutting_log,created_by,users,id
daily_production_log,order_id,order_master,id
daily_production_log,phase_id,production_phases,id
daily_production_log,clothing_type_id,garment_types,id
daily_production_log,employee_id,employees,id
daily_production_log,created_by,users,id
delivery_records,order_id,order_master,order_id
delivery_records,measurement_id,measurements,id
delivery_records,garment_type_id,garment_types,id
delivery_records,cutting_group_id,cutting_groups,id
delivery_records,created_by,users,id
delivery_records,delivered_by,users,id
delivery_records,returned_by,users,id
stock_master,clothing_type_id,garment_types,id
